transaction_id,customer_id,timestamp,product_name,category,quantity,price,total_amount
TXN_10000,CUST_116,2026-06-13 16:29:14.956627,Smart Watch,Electronics,3,274.31,822.93
TXN_10001,CUST_127,2026-06-17 17:29:14.956627,Tablet,Electronics,2,479.37,958.74
TXN_10002,CUST_98,2026-07-01 10:29:14.956627,Smartphone,Electronics,1,831.44,831.44
TXN_10003,CUST_66,2026-06-12 13:29:14.956627,Smartphone,Electronics,1,802.15,802.15
TXN_10004,CUST_4,2026-06-29 03:29:14.956627,Smartphone,Electronics,3,864.03,2592.09
TXN_10005,CUST_1,2026-06-22 18:29:14.956627,Tablet,Electronics,3,430.52,1291.56
TXN_10006,CUST_15,2026-06-09 11:29:14.956627,Wireless Headphones,Accessories,2,136.75,273.5
TXN_10007,CUST_120,2026-06-12 15:29:14.956627,Wireless Headphones,Accessories,1,138.84,138.84
TXN_10008,CUST_78,2026-06-24 13:29:14.956627,Smart Watch,Electronics,2,227.86,455.72
TXN_10009,CUST_146,2026-06-25 01:29:14.956627,Smart Watch,Electronics,3,260.21,780.63
TXN_10010,CUST_50,2026-06-28 15:29:14.956627,Smart Watch,Electronics,3,235.98,707.94
TXN_10011,CUST_109,2026-06-09 05:29:14.956627,Smart Watch,Electronics,1,262.65,262.65
TXN_10012,CUST_28,2026-06-11 17:29:14.956627,Laptop,Electronics,3,1263.53,3790.59
TXN_10013,CUST_64,2026-07-02 16:29:14.956627,Laptop,Electronics,3,1191.22,3573.66
TXN_10014,CUST_8,2026-07-05 05:29:14.956627,Laptop,Electronics,1,1175.37,1175.37
TXN_10015,CUST_52,2026-07-08 12:29:14.956627,Smart Watch,Electronics,2,265.72,531.44
TXN_10016,CUST_144,2026-06-24 00:29:14.956627,Tablet,Electronics,1,458.64,458.64
TXN_10017,CUST_35,2026-06-28 19:29:14.956627,Smart Watch,Electronics,1,226.85,226.85
TXN_10018,CUST_5,2026-06-23 13:29:14.956627,Smartphone,Electronics,2,735.18,1470.36
TXN_10019,CUST_139,2026-06-23 09:29:14.956627,Wireless Headphones,Accessories,2,150.08,300.16
TXN_10020,CUST_23,2026-07-07 10:29:14.956627,Tablet,Electronics,3,492.95,1478.85
TXN_10021,CUST_27,2026-06-26 11:29:14.956627,Smart Watch,Electronics,2,267.1,534.2
TXN_10022,CUST_46,2026-07-06 16:29:14.956627,Wireless Headphones,Accessories,3,144.41,433.23
TXN_10023,CUST_109,2026-06-17 13:29:14.956627,Laptop,Electronics,3,1186.51,3559.53
TXN_10024,CUST_119,2026-06-18 12:29:14.956627,Laptop,Electronics,1,1091.4,1091.4
TXN_10025,CUST_89,2026-07-06 14:29:14.956627,Laptop,Electronics,2,1280.15,2560.3
TXN_10026,CUST_21,2026-06-13 05:29:14.956627,Laptop,Electronics,1,1310.89,1310.89
TXN_10027,CUST_123,2026-06-16 20:29:14.956627,Smart Watch,Electronics,2,268.31,536.62
TXN_10028,CUST_77,2026-07-06 21:29:14.956627,Tablet,Electronics,2,476.33,952.66
TXN_10029,CUST_50,2026-06-24 16:29:14.956627,Laptop,Electronics,2,1268.95,2537.9
TXN_10030,CUST_8,2026-06-12 18:29:14.956627,Laptop,Electronics,3,1180.6,3541.8
TXN_10031,CUST_2,2026-07-04 08:29:14.956627,Smartphone,Electronics,3,773.28,2319.84
TXN_10032,CUST_38,2026-06-30 03:29:14.956627,Wireless Headphones,Accessories,1,136.46,136.46
TXN_10033,CUST_49,2026-06-18 03:29:14.956627,Laptop,Electronics,2,1202.73,2405.46
TXN_10034,CUST_12,2026-06-26 19:29:14.956627,Tablet,Electronics,2,409.08,818.16
TXN_10035,CUST_23,2026-06-16 11:29:14.956627,Wireless Headphones,Accessories,1,163.99,163.99
TXN_10036,CUST_63,2026-07-06 20:29:14.956627,Tablet,Electronics,1,489.91,489.91
TXN_10037,CUST_78,2026-06-12 14:29:14.956627,Tablet,Electronics,1,446.47,446.47
TXN_10038,CUST_66,2026-06-14 20:29:14.956627,Tablet,Electronics,2,479.17,958.34
TXN_10039,CUST_75,2026-07-05 17:29:14.956627,Wireless Headphones,Accessories,2,156.54,313.08
TXN_10040,CUST_61,2026-06-22 18:29:14.956627,Laptop,Electronics,3,1174.93,3524.79
TXN_10041,CUST_52,2026-06-21 13:29:14.956627,Smartphone,Electronics,1,729.99,729.99
TXN_10042,CUST_141,2026-06-25 05:29:14.956627,Smart Watch,Electronics,3,261.61,784.83
TXN_10043,CUST_148,2026-06-15 05:29:14.956627,Wireless Headphones,Accessories,2,140.21,280.42
TXN_10044,CUST_31,2026-06-24 22:29:14.956627,Smart Watch,Electronics,2,255.44,510.88
TXN_10045,CUST_45,2026-06-30 15:29:14.956627,Smart Watch,Electronics,2,239.01,478.02
TXN_10046,CUST_44,2026-07-02 13:29:14.956627,Laptop,Electronics,3,1266.98,3800.94
TXN_10047,CUST_12,2026-06-16 21:29:14.956627,Tablet,Electronics,2,471.63,943.26
TXN_10048,CUST_92,2026-06-10 18:29:14.956627,Smart Watch,Electronics,2,236.66,473.32
TXN_10049,CUST_54,2026-06-12 00:29:14.956627,Laptop,Electronics,3,1203.82,3611.46
TXN_10050,CUST_127,2026-07-04 06:29:14.956627,Smart Watch,Electronics,3,265.89,797.67
TXN_10051,CUST_111,2026-07-05 03:29:14.956627,Wireless Headphones,Accessories,2,141.49,282.98
TXN_10052,CUST_51,2026-06-15 22:29:14.956627,Tablet,Electronics,1,423.66,423.66
TXN_10053,CUST_91,2026-06-14 15:29:14.956627,Smartphone,Electronics,3,828.07,2484.21
TXN_10054,CUST_76,2026-06-09 14:29:14.956627,Smart Watch,Electronics,1,244.11,244.11
TXN_10055,CUST_102,2026-06-29 11:29:14.956627,Wireless Headphones,Accessories,3,145.02,435.06
TXN_10056,CUST_12,2026-06-20 11:29:14.956627,Tablet,Electronics,2,442.81,885.62
TXN_10057,CUST_34,2026-06-18 13:29:14.956627,Smartphone,Electronics,3,861.4,2584.2
TXN_10058,CUST_140,2026-06-15 00:29:14.956627,Smartphone,Electronics,1,765.08,765.08
TXN_10059,CUST_100,2026-06-27 18:29:14.956627,Tablet,Electronics,1,481.51,481.51
TXN_10060,CUST_10,2026-06-18 20:29:14.956627,Wireless Headphones,Accessories,1,152.55,152.55
TXN_10061,CUST_124,2026-06-18 01:29:14.956627,Wireless Headphones,Accessories,2,150.54,301.08
TXN_10062,CUST_14,2026-07-03 20:29:14.956627,Wireless Headphones,Accessories,1,162.0,162.0
TXN_10063,CUST_39,2026-06-14 01:29:14.956627,Laptop,Electronics,3,1233.11,3699.33
TXN_10064,CUST_133,2026-07-01 01:29:14.956627,Tablet,Electronics,1,470.94,470.94
TXN_10065,CUST_49,2026-06-23 22:29:14.956627,Tablet,Electronics,3,435.64,1306.92
TXN_10066,CUST_124,2026-06-17 17:29:14.956627,Smart Watch,Electronics,2,256.13,512.26
TXN_10067,CUST_136,2026-07-01 15:29:14.956627,Laptop,Electronics,2,1134.35,2268.7
TXN_10068,CUST_136,2026-07-06 22:29:14.956627,Smartphone,Electronics,2,772.04,1544.08
TXN_10069,CUST_114,2026-07-06 16:29:14.956627,Smartphone,Electronics,2,858.33,1716.66
TXN_10070,CUST_51,2026-06-22 02:29:14.956627,Wireless Headphones,Accessories,3,150.82,452.46
TXN_10071,CUST_124,2026-06-13 07:29:14.956627,Wireless Headphones,Accessories,3,149.4,448.2
TXN_10072,CUST_7,2026-06-29 11:29:14.956627,Smart Watch,Electronics,1,235.75,235.75
TXN_10073,CUST_135,2026-06-25 04:29:14.956627,Smartphone,Electronics,3,857.99,2573.97
TXN_10074,CUST_58,2026-06-19 07:29:14.956627,Smart Watch,Electronics,3,274.09,822.27
TXN_10075,CUST_56,2026-06-19 18:29:14.956627,Laptop,Electronics,3,1134.86,3404.58
TXN_10076,CUST_109,2026-06-18 13:29:14.956627,Tablet,Electronics,1,461.1,461.1
TXN_10077,CUST_67,2026-06-11 13:29:14.956627,Laptop,Electronics,2,1223.01,2446.02
TXN_10078,CUST_116,2026-07-01 20:29:14.956627,Wireless Headphones,Accessories,1,159.76,159.76
TXN_10079,CUST_145,2026-06-09 11:29:14.956627,Smartphone,Electronics,2,772.08,1544.16
TXN_10080,CUST_1,2026-06-22 18:29:14.956627,Tablet,Electronics,2,450.27,900.54
TXN_10081,CUST_17,2026-07-07 01:29:14.956627,Wireless Headphones,Accessories,3,159.31,477.93
TXN_10082,CUST_99,2026-07-06 02:29:14.956627,Smart Watch,Electronics,2,261.84,523.68
TXN_10083,CUST_125,2026-07-06 01:29:14.956627,Smart Watch,Electronics,2,238.48,476.96
TXN_10084,CUST_96,2026-06-10 22:29:14.956627,Smart Watch,Electronics,2,242.76,485.52
TXN_10085,CUST_137,2026-07-08 03:29:14.956627,Tablet,Electronics,2,437.52,875.04
TXN_10086,CUST_17,2026-06-27 05:29:14.956627,Smart Watch,Electronics,2,230.12,460.24
TXN_10087,CUST_119,2026-06-24 23:29:14.956627,Smart Watch,Electronics,3,250.31,750.93
TXN_10088,CUST_71,2026-06-29 18:29:14.956627,Wireless Headphones,Accessories,1,139.36,139.36
TXN_10089,CUST_72,2026-06-18 03:29:14.956627,Laptop,Electronics,3,1125.02,3375.06
TXN_10090,CUST_128,2026-06-16 20:29:14.956627,Tablet,Electronics,3,442.23,1326.69
TXN_10091,CUST_59,2026-07-07 04:29:14.956627,Smartphone,Electronics,2,722.31,1444.62
TXN_10092,CUST_95,2026-06-25 16:29:14.956627,Smart Watch,Electronics,1,270.91,270.91
TXN_10093,CUST_134,2026-07-04 14:29:14.956627,Tablet,Electronics,3,478.02,1434.06
TXN_10094,CUST_88,2026-06-12 13:29:14.956627,Smartphone,Electronics,3,749.01,2247.03
TXN_10095,CUST_40,2026-06-26 12:29:14.956627,Tablet,Electronics,1,429.8,429.8
TXN_10096,CUST_53,2026-07-07 05:29:14.956627,Tablet,Electronics,3,419.68,1259.04
TXN_10097,CUST_31,2026-07-04 01:29:14.956627,Tablet,Electronics,2,488.55,977.1
TXN_10098,CUST_117,2026-06-20 05:29:14.956627,Smartphone,Electronics,3,805.63,2416.89
TXN_10099,CUST_145,2026-06-14 12:29:14.956627,Laptop,Electronics,2,1195.93,2391.86
TXN_10100,CUST_24,2026-06-14 12:29:14.956627,Smart Watch,Electronics,3,268.85,806.55
TXN_10101,CUST_150,2026-06-30 19:29:14.956627,Smart Watch,Electronics,3,228.52,685.56
TXN_10102,CUST_56,2026-06-23 00:29:14.956627,Smart Watch,Electronics,1,232.46,232.46
TXN_10103,CUST_89,2026-07-05 02:29:14.956627,Tablet,Electronics,3,427.51,1282.53
TXN_10104,CUST_2,2026-06-30 19:29:14.956627,Smartphone,Electronics,1,823.31,823.31
TXN_10105,CUST_38,2026-06-27 04:29:14.956627,Smartphone,Electronics,1,728.88,728.88
TXN_10106,CUST_20,2026-06-29 02:29:14.956627,Smartphone,Electronics,1,774.13,774.13
TXN_10107,CUST_75,2026-06-10 03:29:14.956627,Tablet,Electronics,1,450.94,450.94
TXN_10108,CUST_34,2026-07-07 08:29:14.956627,Wireless Headphones,Accessories,3,142.81,428.43
TXN_10109,CUST_54,2026-06-16 14:29:14.956627,Smart Watch,Electronics,3,228.33,684.99
TXN_10110,CUST_37,2026-06-15 19:29:14.956627,Smartphone,Electronics,2,873.37,1746.74
TXN_10111,CUST_81,2026-07-03 12:29:14.956627,Tablet,Electronics,3,488.11,1464.33
TXN_10112,CUST_103,2026-06-28 22:29:14.956627,Smart Watch,Electronics,2,225.27,450.54
TXN_10113,CUST_30,2026-07-06 18:29:14.956627,Wireless Headphones,Accessories,2,145.6,291.2
TXN_10114,CUST_15,2026-06-13 06:29:14.956627,Laptop,Electronics,2,1086.93,2173.86
TXN_10115,CUST_8,2026-06-10 23:29:14.956627,Wireless Headphones,Accessories,2,145.62,291.24
TXN_10116,CUST_131,2026-06-19 11:29:14.956627,Smart Watch,Electronics,3,265.05,795.15
TXN_10117,CUST_88,2026-06-29 04:29:14.956627,Tablet,Electronics,3,431.97,1295.91
TXN_10118,CUST_108,2026-06-27 19:29:14.956627,Wireless Headphones,Accessories,3,149.16,447.48
TXN_10119,CUST_24,2026-06-14 18:29:14.956627,Wireless Headphones,Accessories,1,155.96,155.96
TXN_10120,CUST_82,2026-06-18 20:29:14.956627,Smartphone,Electronics,1,750.89,750.89
TXN_10121,CUST_60,2026-07-03 09:29:14.956627,Smart Watch,Electronics,1,241.42,241.42
TXN_10122,CUST_48,2026-07-03 17:29:14.956627,Laptop,Electronics,2,1226.85,2453.7
TXN_10123,CUST_3,2026-06-21 15:29:14.956627,Smartphone,Electronics,1,836.27,836.27
TXN_10124,CUST_122,2026-06-28 23:29:14.956627,Tablet,Electronics,2,461.68,923.36
TXN_10125,CUST_117,2026-06-19 17:29:14.956627,Smart Watch,Electronics,3,264.77,794.31
TXN_10126,CUST_127,2026-07-04 05:29:14.956627,Smartphone,Electronics,1,742.05,742.05
TXN_10127,CUST_4,2026-06-28 13:29:14.956627,Tablet,Electronics,3,468.27,1404.81
TXN_10128,CUST_48,2026-06-16 10:29:14.956627,Smartphone,Electronics,2,735.64,1471.28
TXN_10129,CUST_75,2026-07-08 14:29:14.956627,Smart Watch,Electronics,1,245.1,245.1
TXN_10130,CUST_8,2026-06-16 00:29:14.956627,Smart Watch,Electronics,2,248.98,497.96
TXN_10131,CUST_96,2026-06-27 02:29:14.956627,Laptop,Electronics,2,1247.35,2494.7
TXN_10132,CUST_124,2026-06-09 13:29:14.956627,Tablet,Electronics,1,412.82,412.82
TXN_10133,CUST_24,2026-07-06 18:29:14.956627,Laptop,Electronics,3,1296.84,3890.52
TXN_10134,CUST_114,2026-06-10 05:29:14.956627,Tablet,Electronics,2,477.03,954.06
TXN_10135,CUST_48,2026-06-30 00:29:14.956627,Tablet,Electronics,1,455.56,455.56
TXN_10136,CUST_84,2026-07-06 18:29:14.956627,Smart Watch,Electronics,2,250.72,501.44
TXN_10137,CUST_5,2026-06-14 09:29:14.956627,Laptop,Electronics,2,1155.95,2311.9
TXN_10138,CUST_87,2026-06-29 12:29:14.956627,Smartphone,Electronics,3,847.8,2543.4
TXN_10139,CUST_88,2026-06-17 15:29:14.956627,Tablet,Electronics,3,445.36,1336.08
TXN_10140,CUST_145,2026-06-30 17:29:14.956627,Laptop,Electronics,1,1228.46,1228.46
TXN_10141,CUST_100,2026-07-01 20:29:14.956627,Smart Watch,Electronics,1,241.51,241.51
TXN_10142,CUST_16,2026-06-30 01:29:14.956627,Smart Watch,Electronics,1,232.41,232.41
TXN_10143,CUST_145,2026-06-23 00:29:14.956627,Tablet,Electronics,1,470.6,470.6
TXN_10144,CUST_117,2026-06-10 22:29:14.956627,Smartphone,Electronics,2,734.83,1469.66
TXN_10145,CUST_23,2026-06-30 06:29:14.956627,Laptop,Electronics,3,1240.41,3721.23
TXN_10146,CUST_65,2026-07-06 20:29:14.956627,Wireless Headphones,Accessories,1,164.01,164.01
TXN_10147,CUST_55,2026-06-24 22:29:14.956627,Tablet,Electronics,3,491.54,1474.62
TXN_10148,CUST_72,2026-06-26 15:29:14.956627,Tablet,Electronics,3,474.62,1423.86
TXN_10149,CUST_101,2026-06-18 12:29:14.956627,Tablet,Electronics,2,461.63,923.26
TXN_10150,CUST_88,2026-06-19 20:29:14.956627,Wireless Headphones,Accessories,2,146.63,293.26
TXN_10151,CUST_13,2026-06-18 07:29:14.956627,Tablet,Electronics,3,432.04,1296.12
TXN_10152,CUST_19,2026-06-24 21:29:14.956627,Smartphone,Electronics,3,723.1,2169.3
TXN_10153,CUST_32,2026-06-13 19:29:14.956627,Wireless Headphones,Accessories,1,153.16,153.16
TXN_10154,CUST_147,2026-06-12 12:29:14.956627,Smart Watch,Electronics,3,231.87,695.61
TXN_10155,CUST_110,2026-07-05 12:29:14.956627,Smartphone,Electronics,2,766.26,1532.52
TXN_10156,CUST_9,2026-06-11 07:29:14.956627,Smart Watch,Electronics,1,261.78,261.78
TXN_10157,CUST_52,2026-06-15 22:29:14.956627,Smart Watch,Electronics,3,246.82,740.46
TXN_10158,CUST_137,2026-07-02 01:29:14.956627,Laptop,Electronics,1,1153.75,1153.75
TXN_10159,CUST_131,2026-06-23 10:29:14.956627,Tablet,Electronics,2,429.37,858.74
TXN_10160,CUST_67,2026-06-18 16:29:14.956627,Tablet,Electronics,3,417.03,1251.09
TXN_10161,CUST_77,2026-06-12 22:29:14.956627,Laptop,Electronics,2,1221.37,2442.74
TXN_10162,CUST_60,2026-06-20 20:29:14.956627,Tablet,Electronics,1,437.9,437.9
TXN_10163,CUST_21,2026-06-12 17:29:14.956627,Wireless Headphones,Accessories,2,141.79,283.58
TXN_10164,CUST_125,2026-06-11 16:29:14.956627,Smartphone,Electronics,3,813.45,2440.35
TXN_10165,CUST_57,2026-06-11 17:29:14.956627,Laptop,Electronics,3,1260.42,3781.26
TXN_10166,CUST_48,2026-06-13 19:29:14.956627,Smartphone,Electronics,1,863.39,863.39
TXN_10167,CUST_87,2026-07-02 03:29:14.956627,Wireless Headphones,Accessories,2,161.15,322.3
TXN_10168,CUST_128,2026-06-10 01:29:14.956627,Wireless Headphones,Accessories,2,154.62,309.24
TXN_10169,CUST_23,2026-07-03 08:29:14.956627,Smart Watch,Electronics,3,271.67,815.01
TXN_10170,CUST_45,2026-06-12 10:29:14.956627,Laptop,Electronics,2,1318.76,2637.52
TXN_10171,CUST_139,2026-06-13 09:29:14.956627,Smartphone,Electronics,2,842.46,1684.92
TXN_10172,CUST_111,2026-06-30 08:29:14.956627,Tablet,Electronics,2,452.23,904.46
TXN_10173,CUST_142,2026-06-26 02:29:14.956627,Smartphone,Electronics,1,736.5,736.5
TXN_10174,CUST_91,2026-07-04 19:29:14.956627,Tablet,Electronics,2,418.98,837.96
TXN_10175,CUST_148,2026-06-17 11:29:14.956627,Wireless Headphones,Accessories,3,136.41,409.23
TXN_10176,CUST_142,2026-06-21 10:29:14.956627,Tablet,Electronics,1,419.9,419.9
TXN_10177,CUST_43,2026-06-21 10:29:14.956627,Smartphone,Electronics,1,723.63,723.63
TXN_10178,CUST_84,2026-06-09 03:29:14.956627,Tablet,Electronics,3,446.64,1339.92
TXN_10179,CUST_12,2026-06-25 02:29:14.956627,Laptop,Electronics,3,1181.09,3543.27
TXN_10180,CUST_33,2026-06-14 19:29:14.956627,Tablet,Electronics,2,439.76,879.52
TXN_10181,CUST_138,2026-07-07 00:29:14.956627,Tablet,Electronics,2,407.09,814.18
TXN_10182,CUST_91,2026-06-12 14:29:14.956627,Smartphone,Electronics,2,810.04,1620.08
TXN_10183,CUST_92,2026-06-16 04:29:14.956627,Laptop,Electronics,1,1140.62,1140.62
TXN_10184,CUST_79,2026-06-30 09:29:14.956627,Smart Watch,Electronics,1,232.13,232.13
TXN_10185,CUST_111,2026-06-09 02:29:14.956627,Laptop,Electronics,2,1235.38,2470.76
TXN_10186,CUST_86,2026-07-07 21:29:14.956627,Tablet,Electronics,1,409.5,409.5
TXN_10187,CUST_112,2026-06-14 19:29:14.956627,Wireless Headphones,Accessories,3,141.09,423.27
TXN_10188,CUST_58,2026-06-25 00:29:14.956627,Smartphone,Electronics,2,732.13,1464.26
TXN_10189,CUST_133,2026-06-17 16:29:14.956627,Wireless Headphones,Accessories,1,162.76,162.76
TXN_10190,CUST_41,2026-06-30 10:29:14.956627,Tablet,Electronics,3,416.83,1250.49
TXN_10191,CUST_81,2026-06-17 06:29:14.956627,Laptop,Electronics,2,1313.23,2626.46
TXN_10192,CUST_133,2026-07-06 22:29:14.956627,Smart Watch,Electronics,2,254.88,509.76
TXN_10193,CUST_130,2026-06-19 00:29:14.956627,Wireless Headphones,Accessories,2,162.04,324.08
TXN_10194,CUST_10,2026-06-19 13:29:14.956627,Smartphone,Electronics,2,835.84,1671.68
TXN_10195,CUST_38,2026-06-10 19:29:14.956627,Laptop,Electronics,1,1165.76,1165.76
TXN_10196,CUST_45,2026-06-30 00:29:14.956627,Wireless Headphones,Accessories,2,139.01,278.02
TXN_10197,CUST_57,2026-07-05 22:29:14.956627,Tablet,Electronics,3,490.49,1471.47
TXN_10198,CUST_105,2026-06-26 15:29:14.956627,Smartphone,Electronics,1,789.81,789.81
TXN_10199,CUST_93,2026-06-26 12:29:14.956627,Laptop,Electronics,2,1144.51,2289.02
TXN_10200,CUST_56,2026-06-22 16:29:14.956627,Smartphone,Electronics,2,875.38,1750.76
TXN_10201,CUST_49,2026-06-14 05:29:14.956627,Smart Watch,Electronics,2,272.07,544.14
TXN_10202,CUST_112,2026-06-13 06:29:14.956627,Laptop,Electronics,2,1261.05,2522.1
TXN_10203,CUST_6,2026-06-21 21:29:14.956627,Wireless Headphones,Accessories,1,136.07,136.07
TXN_10204,CUST_52,2026-07-06 15:29:14.956627,Wireless Headphones,Accessories,3,144.72,434.16
TXN_10205,CUST_117,2026-06-18 20:29:14.956627,Laptop,Electronics,1,1192.21,1192.21
TXN_10206,CUST_120,2026-06-22 10:29:14.956627,Laptop,Electronics,2,1121.33,2242.66
TXN_10207,CUST_82,2026-06-24 04:29:14.956627,Laptop,Electronics,1,1104.71,1104.71
TXN_10208,CUST_6,2026-06-19 18:29:14.956627,Tablet,Electronics,1,416.24,416.24
TXN_10209,CUST_58,2026-06-19 05:29:14.956627,Laptop,Electronics,2,1096.22,2192.44
TXN_10210,CUST_9,2026-07-07 07:29:14.956627,Smartphone,Electronics,3,745.0,2235.0
TXN_10211,CUST_137,2026-06-27 23:29:14.956627,Smartphone,Electronics,1,722.69,722.69
TXN_10212,CUST_43,2026-07-07 17:29:14.956627,Laptop,Electronics,2,1296.09,2592.18
TXN_10213,CUST_21,2026-06-17 08:29:14.956627,Smart Watch,Electronics,3,226.99,680.97
TXN_10214,CUST_128,2026-07-04 18:29:14.956627,Smartphone,Electronics,3,778.81,2336.43
TXN_10215,CUST_49,2026-06-13 17:29:14.956627,Wireless Headphones,Accessories,3,147.93,443.79
TXN_10216,CUST_25,2026-07-06 06:29:14.956627,Smart Watch,Electronics,2,254.41,508.82
TXN_10217,CUST_81,2026-07-02 15:29:14.956627,Smartphone,Electronics,3,845.52,2536.56
TXN_10218,CUST_125,2026-06-12 03:29:14.956627,Wireless Headphones,Accessories,3,150.0,450.0
TXN_10219,CUST_56,2026-06-09 14:29:14.956627,Wireless Headphones,Accessories,2,145.39,290.78
TXN_10220,CUST_42,2026-06-10 08:29:14.956627,Wireless Headphones,Accessories,3,161.95,485.85
TXN_10221,CUST_19,2026-06-19 11:29:14.956627,Smartphone,Electronics,3,721.35,2164.05
TXN_10222,CUST_142,2026-07-08 02:29:14.956627,Tablet,Electronics,3,456.84,1370.52
TXN_10223,CUST_20,2026-06-30 18:29:14.956627,Wireless Headphones,Accessories,2,159.27,318.54
TXN_10224,CUST_28,2026-06-26 07:29:14.956627,Smart Watch,Electronics,1,249.51,249.51
TXN_10225,CUST_55,2026-06-18 02:29:14.956627,Tablet,Electronics,2,480.21,960.42
TXN_10226,CUST_126,2026-06-12 10:29:14.956627,Wireless Headphones,Accessories,2,164.0,328.0
TXN_10227,CUST_8,2026-06-15 03:29:14.956627,Tablet,Electronics,2,472.36,944.72
TXN_10228,CUST_85,2026-06-24 23:29:14.956627,Laptop,Electronics,2,1233.26,2466.52
TXN_10229,CUST_119,2026-07-06 11:29:14.956627,Smartphone,Electronics,2,878.36,1756.72
TXN_10230,CUST_150,2026-06-14 08:29:14.956627,Smartphone,Electronics,1,743.47,743.47
TXN_10231,CUST_69,2026-06-28 20:29:14.956627,Smart Watch,Electronics,3,261.04,783.12
TXN_10232,CUST_14,2026-06-14 10:29:14.956627,Laptop,Electronics,2,1277.1,2554.2
TXN_10233,CUST_44,2026-06-21 12:29:14.956627,Smart Watch,Electronics,1,264.72,264.72
TXN_10234,CUST_4,2026-06-17 13:29:14.956627,Smartphone,Electronics,3,822.53,2467.59
TXN_10235,CUST_4,2026-06-29 02:29:14.956627,Smart Watch,Electronics,1,265.86,265.86
TXN_10236,CUST_27,2026-06-10 02:29:14.956627,Tablet,Electronics,1,430.39,430.39
TXN_10237,CUST_13,2026-06-18 21:29:14.956627,Tablet,Electronics,3,446.84,1340.52
TXN_10238,CUST_89,2026-07-07 14:29:14.956627,Laptop,Electronics,1,1129.45,1129.45
TXN_10239,CUST_63,2026-06-19 00:29:14.956627,Smart Watch,Electronics,3,250.97,752.91
TXN_10240,CUST_43,2026-06-09 08:29:14.956627,Smart Watch,Electronics,3,226.74,680.22
TXN_10241,CUST_24,2026-06-09 18:29:14.956627,Smart Watch,Electronics,2,245.07,490.14
TXN_10242,CUST_150,2026-06-20 22:29:14.956627,Smartphone,Electronics,2,750.03,1500.06
TXN_10243,CUST_11,2026-06-19 16:29:14.956627,Smart Watch,Electronics,2,225.38,450.76
TXN_10244,CUST_130,2026-07-04 07:29:14.956627,Laptop,Electronics,1,1089.12,1089.12
TXN_10245,CUST_113,2026-06-18 17:29:14.956627,Smart Watch,Electronics,3,264.21,792.63
TXN_10246,CUST_114,2026-06-27 19:29:14.956627,Laptop,Electronics,1,1258.1,1258.1
TXN_10247,CUST_39,2026-06-09 06:29:14.956627,Wireless Headphones,Accessories,1,145.55,145.55
TXN_10248,CUST_148,2026-06-15 18:29:14.956627,Tablet,Electronics,1,410.87,410.87
TXN_10249,CUST_44,2026-07-01 00:29:14.956627,Tablet,Electronics,1,436.74,436.74
TXN_10250,CUST_78,2026-06-22 12:29:14.956627,Smart Watch,Electronics,2,259.36,518.72
TXN_10251,CUST_72,2026-06-21 09:29:14.956627,Tablet,Electronics,2,488.27,976.54
TXN_10252,CUST_73,2026-06-13 21:29:14.956627,Laptop,Electronics,3,1187.49,3562.47
TXN_10253,CUST_17,2026-06-29 02:29:14.956627,Laptop,Electronics,1,1281.93,1281.93
TXN_10254,CUST_20,2026-06-12 00:29:14.956627,Smartphone,Electronics,2,877.57,1755.14
TXN_10255,CUST_14,2026-06-18 09:29:14.956627,Smartphone,Electronics,3,795.14,2385.42
TXN_10256,CUST_68,2026-06-17 04:29:14.956627,Wireless Headphones,Accessories,2,164.37,328.74
TXN_10257,CUST_144,2026-06-23 14:29:14.956627,Laptop,Electronics,3,1166.22,3498.66
TXN_10258,CUST_132,2026-07-04 03:29:14.956627,Smartphone,Electronics,2,842.75,1685.5
TXN_10259,CUST_74,2026-07-03 07:29:14.956627,Smartphone,Electronics,1,778.4,778.4
TXN_10260,CUST_43,2026-06-19 22:29:14.956627,Wireless Headphones,Accessories,1,159.16,159.16
TXN_10261,CUST_129,2026-07-01 01:29:14.956627,Laptop,Electronics,1,1244.01,1244.01
TXN_10262,CUST_114,2026-06-25 09:29:14.956627,Smart Watch,Electronics,3,230.4,691.2
TXN_10263,CUST_36,2026-07-01 19:29:14.956627,Wireless Headphones,Accessories,2,141.11,282.22
TXN_10264,CUST_110,2026-07-04 19:29:14.956627,Tablet,Electronics,1,421.73,421.73
TXN_10265,CUST_43,2026-06-14 14:29:14.956627,Smartphone,Electronics,1,821.85,821.85
TXN_10266,CUST_66,2026-07-07 11:29:14.956627,Smartphone,Electronics,1,774.31,774.31
TXN_10267,CUST_150,2026-06-22 11:29:14.956627,Wireless Headphones,Accessories,2,151.26,302.52
TXN_10268,CUST_126,2026-07-02 19:29:14.956627,Smartphone,Electronics,2,846.16,1692.32
TXN_10269,CUST_88,2026-06-11 17:29:14.956627,Laptop,Electronics,2,1088.05,2176.1
TXN_10270,CUST_60,2026-06-17 04:29:14.956627,Wireless Headphones,Accessories,3,157.58,472.74
TXN_10271,CUST_83,2026-06-24 07:29:14.956627,Smartphone,Electronics,1,750.99,750.99
TXN_10272,CUST_109,2026-06-15 20:29:14.956627,Tablet,Electronics,3,459.04,1377.12
TXN_10273,CUST_33,2026-06-22 02:29:14.956627,Laptop,Electronics,1,1307.3,1307.3
TXN_10274,CUST_58,2026-06-30 17:29:14.956627,Laptop,Electronics,1,1092.52,1092.52
TXN_10275,CUST_50,2026-07-01 16:29:14.956627,Smart Watch,Electronics,3,231.61,694.83
TXN_10276,CUST_12,2026-06-26 13:29:14.956627,Smart Watch,Electronics,2,236.91,473.82
TXN_10277,CUST_104,2026-06-20 13:29:14.956627,Laptop,Electronics,1,1227.69,1227.69
TXN_10278,CUST_77,2026-06-13 04:29:14.956627,Smart Watch,Electronics,2,253.35,506.7
TXN_10279,CUST_49,2026-06-12 05:29:14.956627,Wireless Headphones,Accessories,3,137.68,413.04
TXN_10280,CUST_128,2026-06-30 11:29:14.956627,Tablet,Electronics,2,471.96,943.92
TXN_10281,CUST_13,2026-06-18 13:29:14.956627,Laptop,Electronics,3,1285.8,3857.4
TXN_10282,CUST_34,2026-07-06 20:29:14.956627,Tablet,Electronics,3,434.7,1304.1
TXN_10283,CUST_35,2026-06-24 15:29:14.956627,Tablet,Electronics,2,486.45,972.9
TXN_10284,CUST_143,2026-06-24 01:29:14.956627,Tablet,Electronics,2,460.69,921.38
TXN_10285,CUST_50,2026-06-16 23:29:14.956627,Smartphone,Electronics,3,775.86,2327.58
TXN_10286,CUST_131,2026-06-16 07:29:14.956627,Tablet,Electronics,3,418.97,1256.91
TXN_10287,CUST_55,2026-06-10 08:29:14.956627,Smartphone,Electronics,2,796.94,1593.88
TXN_10288,CUST_86,2026-06-26 15:29:14.956627,Tablet,Electronics,1,414.12,414.12
TXN_10289,CUST_20,2026-06-30 21:29:14.956627,Smart Watch,Electronics,2,239.77,479.54
TXN_10290,CUST_127,2026-07-05 18:29:14.956627,Smart Watch,Electronics,3,243.86,731.58
TXN_10291,CUST_77,2026-07-07 03:29:14.956627,Smartphone,Electronics,1,742.14,742.14
TXN_10292,CUST_27,2026-06-18 15:29:14.956627,Wireless Headphones,Accessories,2,135.97,271.94
TXN_10293,CUST_45,2026-06-08 22:29:14.956627,Smartphone,Electronics,1,740.76,740.76
TXN_10294,CUST_104,2026-06-15 21:29:14.956627,Smartphone,Electronics,3,808.75,2426.25
TXN_10295,CUST_50,2026-06-23 18:29:14.956627,Laptop,Electronics,1,1299.17,1299.17
TXN_10296,CUST_104,2026-07-08 08:29:14.956627,Laptop,Electronics,1,1183.19,1183.19
TXN_10297,CUST_49,2026-06-16 00:29:14.956627,Wireless Headphones,Accessories,3,143.63,430.89
TXN_10298,CUST_44,2026-06-18 03:29:14.956627,Smartphone,Electronics,3,824.88,2474.64
TXN_10299,CUST_23,2026-06-28 11:29:14.956627,Tablet,Electronics,1,490.37,490.37
TXN_10300,CUST_131,2026-07-02 16:29:14.956627,Laptop,Electronics,3,1112.95,3338.85
TXN_10301,CUST_87,2026-06-29 07:29:14.956627,Wireless Headphones,Accessories,3,159.64,478.92
TXN_10302,CUST_34,2026-06-14 21:29:14.956627,Smartphone,Electronics,1,746.97,746.97
TXN_10303,CUST_12,2026-06-26 06:29:14.956627,Smartphone,Electronics,2,759.48,1518.96
TXN_10304,CUST_113,2026-06-20 21:29:14.956627,Smartphone,Electronics,1,878.67,878.67
TXN_10305,CUST_118,2026-06-20 10:29:14.956627,Tablet,Electronics,1,432.26,432.26
TXN_10306,CUST_82,2026-06-24 18:29:14.956627,Laptop,Electronics,2,1289.53,2579.06
TXN_10307,CUST_24,2026-06-17 04:29:14.956627,Wireless Headphones,Accessories,1,141.22,141.22
TXN_10308,CUST_78,2026-06-21 04:29:14.956627,Smartphone,Electronics,3,830.66,2491.98
TXN_10309,CUST_138,2026-06-24 19:29:14.956627,Smart Watch,Electronics,2,269.19,538.38
TXN_10310,CUST_143,2026-07-02 21:29:14.956627,Wireless Headphones,Accessories,1,137.37,137.37
TXN_10311,CUST_114,2026-07-02 11:29:14.956627,Laptop,Electronics,2,1282.01,2564.02
TXN_10312,CUST_91,2026-06-17 17:29:14.956627,Wireless Headphones,Accessories,2,143.89,287.78
TXN_10313,CUST_129,2026-06-25 06:29:14.956627,Tablet,Electronics,1,420.86,420.86
TXN_10314,CUST_65,2026-07-06 18:29:14.956627,Smart Watch,Electronics,1,225.39,225.39
TXN_10315,CUST_74,2026-06-25 12:29:14.956627,Laptop,Electronics,3,1237.33,3711.99
TXN_10316,CUST_127,2026-07-03 18:29:14.956627,Tablet,Electronics,3,441.81,1325.43
TXN_10317,CUST_56,2026-06-26 17:29:14.956627,Smartphone,Electronics,3,798.65,2395.95
TXN_10318,CUST_79,2026-06-28 23:29:14.956627,Smart Watch,Electronics,1,226.23,226.23
TXN_10319,CUST_11,2026-06-10 21:29:14.956627,Laptop,Electronics,2,1099.17,2198.34
TXN_10320,CUST_94,2026-06-12 09:29:14.956627,Tablet,Electronics,1,446.01,446.01
TXN_10321,CUST_56,2026-06-18 12:29:14.956627,Wireless Headphones,Accessories,2,144.0,288.0
TXN_10322,CUST_23,2026-07-07 17:29:14.956627,Wireless Headphones,Accessories,2,156.42,312.84
TXN_10323,CUST_18,2026-06-30 00:29:14.956627,Wireless Headphones,Accessories,1,148.42,148.42
TXN_10324,CUST_12,2026-06-23 10:29:14.956627,Smart Watch,Electronics,3,232.51,697.53
TXN_10325,CUST_1,2026-06-24 15:29:14.956627,Smartphone,Electronics,2,733.65,1467.3
TXN_10326,CUST_93,2026-06-22 16:29:14.956627,Laptop,Electronics,3,1120.5,3361.5
TXN_10327,CUST_86,2026-06-24 10:29:14.956627,Tablet,Electronics,2,471.72,943.44
TXN_10328,CUST_38,2026-06-11 20:29:14.956627,Tablet,Electronics,2,428.42,856.84
TXN_10329,CUST_56,2026-06-14 16:29:14.956627,Laptop,Electronics,1,1292.57,1292.57
TXN_10330,CUST_97,2026-06-17 01:29:14.956627,Smart Watch,Electronics,3,268.22,804.66
TXN_10331,CUST_94,2026-06-09 05:29:14.956627,Smartphone,Electronics,2,757.81,1515.62
TXN_10332,CUST_92,2026-07-02 01:29:14.956627,Wireless Headphones,Accessories,2,160.73,321.46
TXN_10333,CUST_145,2026-06-30 02:29:14.956627,Smartphone,Electronics,2,842.98,1685.96
TXN_10334,CUST_129,2026-06-17 20:29:14.956627,Smartphone,Electronics,1,722.93,722.93
TXN_10335,CUST_90,2026-06-11 22:29:14.956627,Laptop,Electronics,3,1264.02,3792.06
TXN_10336,CUST_104,2026-06-09 02:29:14.956627,Tablet,Electronics,2,493.53,987.06
TXN_10337,CUST_72,2026-06-27 21:29:14.956627,Wireless Headphones,Accessories,2,159.34,318.68
TXN_10338,CUST_136,2026-06-14 02:29:14.956627,Wireless Headphones,Accessories,2,149.75,299.5
TXN_10339,CUST_50,2026-06-16 09:29:14.956627,Tablet,Electronics,2,465.71,931.42
TXN_10340,CUST_82,2026-07-03 13:29:14.956627,Laptop,Electronics,3,1152.26,3456.78
TXN_10341,CUST_29,2026-06-30 03:29:14.956627,Smart Watch,Electronics,1,243.18,243.18
TXN_10342,CUST_66,2026-06-29 12:29:14.956627,Laptop,Electronics,2,1215.28,2430.56
TXN_10343,CUST_49,2026-06-13 21:29:14.956627,Tablet,Electronics,1,457.75,457.75
TXN_10344,CUST_125,2026-06-25 05:29:14.956627,Smartphone,Electronics,1,756.52,756.52
TXN_10345,CUST_31,2026-06-30 20:29:14.956627,Smartphone,Electronics,1,805.27,805.27
TXN_10346,CUST_73,2026-06-22 17:29:14.956627,Smart Watch,Electronics,3,234.68,704.04
TXN_10347,CUST_104,2026-06-27 01:29:14.956627,Smartphone,Electronics,1,756.51,756.51
TXN_10348,CUST_150,2026-06-29 21:29:14.956627,Smart Watch,Electronics,3,242.98,728.94
TXN_10349,CUST_143,2026-06-22 17:29:14.956627,Smartphone,Electronics,1,858.99,858.99
TXN_10350,CUST_129,2026-06-25 02:29:14.956627,Smartphone,Electronics,1,778.54,778.54
TXN_10351,CUST_147,2026-07-02 05:29:14.956627,Wireless Headphones,Accessories,2,136.69,273.38
TXN_10352,CUST_130,2026-06-19 11:29:14.956627,Tablet,Electronics,2,410.94,821.88
TXN_10353,CUST_143,2026-07-02 02:29:14.956627,Wireless Headphones,Accessories,2,141.86,283.72
TXN_10354,CUST_59,2026-07-07 00:29:14.956627,Smart Watch,Electronics,3,273.16,819.48
TXN_10355,CUST_150,2026-07-06 11:29:14.956627,Smart Watch,Electronics,2,238.53,477.06
TXN_10356,CUST_13,2026-06-16 20:29:14.956627,Tablet,Electronics,3,415.18,1245.54
TXN_10357,CUST_113,2026-07-04 01:29:14.956627,Laptop,Electronics,2,1275.15,2550.3
TXN_10358,CUST_106,2026-06-26 20:29:14.956627,Smartphone,Electronics,3,873.58,2620.74
TXN_10359,CUST_57,2026-06-16 01:29:14.956627,Smartphone,Electronics,3,805.74,2417.22
TXN_10360,CUST_45,2026-06-27 13:29:14.956627,Smartphone,Electronics,2,735.93,1471.86
TXN_10361,CUST_143,2026-06-20 14:29:14.956627,Smart Watch,Electronics,3,267.35,802.05
TXN_10362,CUST_117,2026-06-17 09:29:14.956627,Wireless Headphones,Accessories,2,151.99,303.98
TXN_10363,CUST_98,2026-07-07 23:29:14.956627,Laptop,Electronics,2,1093.59,2187.18
TXN_10364,CUST_128,2026-06-09 07:29:14.956627,Wireless Headphones,Accessories,3,147.0,441.0
TXN_10365,CUST_120,2026-07-08 03:29:14.956627,Smart Watch,Electronics,3,236.57,709.71
TXN_10366,CUST_113,2026-06-30 14:29:14.956627,Smart Watch,Electronics,1,243.9,243.9
TXN_10367,CUST_10,2026-07-06 02:29:14.956627,Tablet,Electronics,2,483.93,967.86
TXN_10368,CUST_122,2026-06-21 07:29:14.956627,Wireless Headphones,Accessories,1,140.41,140.41
TXN_10369,CUST_28,2026-06-23 05:29:14.956627,Smartphone,Electronics,3,753.6,2260.8
TXN_10370,CUST_77,2026-07-07 17:29:14.956627,Smart Watch,Electronics,3,251.71,755.13
TXN_10371,CUST_129,2026-06-21 14:29:14.956627,Tablet,Electronics,3,419.82,1259.46
TXN_10372,CUST_75,2026-06-09 14:29:14.956627,Smartphone,Electronics,1,786.83,786.83
TXN_10373,CUST_7,2026-06-10 12:29:14.956627,Smart Watch,Electronics,3,244.69,734.07
TXN_10374,CUST_78,2026-06-21 13:29:14.956627,Smart Watch,Electronics,2,244.69,489.38
TXN_10375,CUST_25,2026-06-10 10:29:14.956627,Smart Watch,Electronics,3,270.07,810.21
TXN_10376,CUST_42,2026-06-25 04:29:14.956627,Tablet,Electronics,3,435.73,1307.19
TXN_10377,CUST_81,2026-06-14 00:29:14.956627,Wireless Headphones,Accessories,2,146.93,293.86
TXN_10378,CUST_131,2026-06-09 11:29:14.956627,Tablet,Electronics,3,428.06,1284.18
TXN_10379,CUST_40,2026-06-14 10:29:14.956627,Smart Watch,Electronics,1,272.36,272.36
TXN_10380,CUST_135,2026-06-23 09:29:14.956627,Laptop,Electronics,2,1163.78,2327.56
TXN_10381,CUST_4,2026-06-24 21:29:14.956627,Tablet,Electronics,3,407.21,1221.63
TXN_10382,CUST_123,2026-07-08 14:29:14.956627,Tablet,Electronics,2,433.83,867.66
TXN_10383,CUST_22,2026-06-28 13:29:14.956627,Tablet,Electronics,2,441.21,882.42
TXN_10384,CUST_114,2026-06-17 16:29:14.956627,Smartphone,Electronics,1,740.51,740.51
TXN_10385,CUST_125,2026-06-14 20:29:14.956627,Smartphone,Electronics,2,836.81,1673.62
TXN_10386,CUST_150,2026-06-24 16:29:14.956627,Tablet,Electronics,1,454.44,454.44
TXN_10387,CUST_42,2026-07-08 06:29:14.956627,Laptop,Electronics,1,1267.08,1267.08
TXN_10388,CUST_9,2026-06-28 22:29:14.956627,Laptop,Electronics,3,1177.72,3533.16
TXN_10389,CUST_59,2026-06-30 01:29:14.956627,Smartphone,Electronics,1,776.89,776.89
TXN_10390,CUST_47,2026-07-04 09:29:14.956627,Wireless Headphones,Accessories,1,158.33,158.33
TXN_10391,CUST_6,2026-06-20 20:29:14.956627,Smart Watch,Electronics,3,272.98,818.94
TXN_10392,CUST_10,2026-06-23 17:29:14.956627,Smartphone,Electronics,1,741.08,741.08
TXN_10393,CUST_13,2026-06-15 13:29:14.956627,Tablet,Electronics,2,493.32,986.64
TXN_10394,CUST_143,2026-06-26 04:29:14.956627,Smartphone,Electronics,1,873.62,873.62
TXN_10395,CUST_123,2026-06-23 14:29:14.956627,Smart Watch,Electronics,2,226.83,453.66
TXN_10396,CUST_137,2026-06-11 19:29:14.956627,Tablet,Electronics,3,431.96,1295.88
TXN_10397,CUST_136,2026-06-10 23:29:14.956627,Smartphone,Electronics,3,812.98,2438.94
TXN_10398,CUST_139,2026-06-22 09:29:14.956627,Smartphone,Electronics,1,775.8,775.8
TXN_10399,CUST_40,2026-06-09 01:29:14.956627,Smart Watch,Electronics,3,269.98,809.94
TXN_10400,CUST_96,2026-06-19 07:29:14.956627,Smart Watch,Electronics,2,273.28,546.56
TXN_10401,CUST_38,2026-06-25 11:29:14.956627,Smartphone,Electronics,3,797.75,2393.25
TXN_10402,CUST_133,2026-06-13 08:29:14.956627,Smartphone,Electronics,1,795.68,795.68
TXN_10403,CUST_117,2026-06-23 13:29:14.956627,Smartphone,Electronics,1,811.03,811.03
TXN_10404,CUST_110,2026-06-23 06:29:14.956627,Smartphone,Electronics,2,844.83,1689.66
TXN_10405,CUST_139,2026-06-29 20:29:14.956627,Smart Watch,Electronics,2,232.02,464.04
TXN_10406,CUST_41,2026-07-01 16:29:14.956627,Wireless Headphones,Accessories,1,153.99,153.99
TXN_10407,CUST_76,2026-07-08 02:29:14.956627,Wireless Headphones,Accessories,2,144.32,288.64
TXN_10408,CUST_52,2026-06-27 21:29:14.956627,Tablet,Electronics,3,417.86,1253.58
TXN_10409,CUST_117,2026-06-18 09:29:14.956627,Tablet,Electronics,3,438.72,1316.16
TXN_10410,CUST_11,2026-07-07 18:29:14.956627,Laptop,Electronics,1,1216.38,1216.38
TXN_10411,CUST_66,2026-06-29 07:29:14.956627,Tablet,Electronics,1,432.69,432.69
TXN_10412,CUST_134,2026-07-01 15:29:14.956627,Laptop,Electronics,1,1103.85,1103.85
TXN_10413,CUST_87,2026-06-28 17:29:14.956627,Laptop,Electronics,3,1236.51,3709.53
TXN_10414,CUST_68,2026-06-24 07:29:14.956627,Wireless Headphones,Accessories,2,151.89,303.78
TXN_10415,CUST_121,2026-06-17 12:29:14.956627,Wireless Headphones,Accessories,1,135.98,135.98
TXN_10416,CUST_44,2026-07-01 12:29:14.956627,Smartphone,Electronics,1,732.08,732.08
TXN_10417,CUST_8,2026-07-02 03:29:14.956627,Smartphone,Electronics,2,736.17,1472.34
TXN_10418,CUST_87,2026-06-22 01:29:14.956627,Smart Watch,Electronics,2,241.7,483.4
TXN_10419,CUST_11,2026-06-22 23:29:14.956627,Laptop,Electronics,1,1111.03,1111.03
TXN_10420,CUST_51,2026-07-07 22:29:14.956627,Laptop,Electronics,2,1130.75,2261.5
TXN_10421,CUST_100,2026-06-21 10:29:14.956627,Smart Watch,Electronics,3,251.95,755.85
TXN_10422,CUST_70,2026-06-18 23:29:14.956627,Wireless Headphones,Accessories,1,151.37,151.37
TXN_10423,CUST_148,2026-06-16 08:29:14.956627,Wireless Headphones,Accessories,3,152.73,458.19
TXN_10424,CUST_21,2026-06-27 03:29:14.956627,Tablet,Electronics,3,423.43,1270.29
TXN_10425,CUST_34,2026-06-08 21:29:14.956627,Smart Watch,Electronics,3,226.8,680.4
TXN_10426,CUST_6,2026-06-23 21:29:14.956627,Laptop,Electronics,1,1195.11,1195.11
TXN_10427,CUST_118,2026-07-01 19:29:14.956627,Smartphone,Electronics,3,830.56,2491.68
TXN_10428,CUST_43,2026-07-08 04:29:14.956627,Wireless Headphones,Accessories,2,153.35,306.7
TXN_10429,CUST_102,2026-07-05 20:29:14.956627,Wireless Headphones,Accessories,1,157.61,157.61
TXN_10430,CUST_120,2026-06-20 09:29:14.956627,Tablet,Electronics,2,483.47,966.94
TXN_10431,CUST_42,2026-06-29 01:29:14.956627,Tablet,Electronics,1,428.44,428.44
TXN_10432,CUST_73,2026-06-13 12:29:14.956627,Smartphone,Electronics,1,808.81,808.81
TXN_10433,CUST_115,2026-06-19 04:29:14.956627,Laptop,Electronics,1,1121.76,1121.76
TXN_10434,CUST_125,2026-06-27 22:29:14.956627,Smartphone,Electronics,3,879.34,2638.02
TXN_10435,CUST_146,2026-06-09 22:29:14.956627,Smart Watch,Electronics,3,260.09,780.27
TXN_10436,CUST_55,2026-07-08 05:29:14.956627,Smart Watch,Electronics,2,241.04,482.08
TXN_10437,CUST_18,2026-06-16 23:29:14.956627,Smart Watch,Electronics,3,259.81,779.43
TXN_10438,CUST_105,2026-06-13 20:29:14.956627,Smartphone,Electronics,3,866.0,2598.0
TXN_10439,CUST_75,2026-06-29 17:29:14.956627,Smartphone,Electronics,1,839.98,839.98
TXN_10440,CUST_117,2026-07-06 04:29:14.956627,Laptop,Electronics,1,1118.86,1118.86
TXN_10441,CUST_11,2026-06-17 10:29:14.956627,Wireless Headphones,Accessories,2,150.8,301.6
TXN_10442,CUST_97,2026-06-30 19:29:14.956627,Smart Watch,Electronics,3,237.24,711.72
TXN_10443,CUST_149,2026-06-13 10:29:14.956627,Laptop,Electronics,2,1138.98,2277.96
TXN_10444,CUST_147,2026-06-13 01:29:14.956627,Smart Watch,Electronics,3,232.39,697.17
TXN_10445,CUST_15,2026-06-11 13:29:14.956627,Wireless Headphones,Accessories,3,157.5,472.5
TXN_10446,CUST_18,2026-06-08 22:29:14.956627,Tablet,Electronics,3,419.47,1258.41
TXN_10447,CUST_107,2026-07-04 05:29:14.956627,Laptop,Electronics,3,1205.17,3615.51
TXN_10448,CUST_141,2026-06-12 08:29:14.956627,Tablet,Electronics,3,490.44,1471.32
TXN_10449,CUST_1,2026-07-07 09:29:14.956627,Wireless Headphones,Accessories,2,158.84,317.68
TXN_10450,CUST_59,2026-06-25 05:29:14.956627,Wireless Headphones,Accessories,2,139.15,278.3
TXN_10451,CUST_62,2026-06-25 13:29:14.956627,Tablet,Electronics,1,405.3,405.3
TXN_10452,CUST_109,2026-06-25 18:29:14.956627,Tablet,Electronics,1,493.09,493.09
TXN_10453,CUST_29,2026-06-26 12:29:14.956627,Smart Watch,Electronics,1,246.42,246.42
TXN_10454,CUST_129,2026-07-06 22:29:14.956627,Smartphone,Electronics,3,764.26,2292.78
TXN_10455,CUST_41,2026-06-12 12:29:14.956627,Laptop,Electronics,2,1115.7,2231.4
TXN_10456,CUST_17,2026-06-20 07:29:14.956627,Wireless Headphones,Accessories,2,149.04,298.08
TXN_10457,CUST_100,2026-07-05 17:29:14.956627,Smartphone,Electronics,2,861.39,1722.78
TXN_10458,CUST_25,2026-06-10 03:29:14.956627,Smart Watch,Electronics,2,248.2,496.4
TXN_10459,CUST_40,2026-06-20 20:29:14.956627,Smart Watch,Electronics,3,239.62,718.86
TXN_10460,CUST_125,2026-06-28 00:29:14.956627,Smart Watch,Electronics,3,238.49,715.47
TXN_10461,CUST_8,2026-06-24 00:29:14.956627,Wireless Headphones,Accessories,3,143.55,430.65
TXN_10462,CUST_141,2026-07-08 04:29:14.956627,Tablet,Electronics,3,424.53,1273.59
TXN_10463,CUST_73,2026-06-17 08:29:14.956627,Smart Watch,Electronics,1,246.34,246.34
TXN_10464,CUST_69,2026-06-24 00:29:14.956627,Laptop,Electronics,2,1126.95,2253.9
TXN_10465,CUST_110,2026-06-13 12:29:14.956627,Smart Watch,Electronics,2,240.78,481.56
TXN_10466,CUST_26,2026-06-28 01:29:14.956627,Smart Watch,Electronics,2,233.15,466.3
TXN_10467,CUST_87,2026-06-12 15:29:14.956627,Tablet,Electronics,1,444.77,444.77
TXN_10468,CUST_43,2026-07-02 17:29:14.956627,Smart Watch,Electronics,2,256.83,513.66
TXN_10469,CUST_108,2026-07-05 23:29:14.956627,Smartphone,Electronics,1,822.08,822.08
TXN_10470,CUST_80,2026-06-12 19:29:14.956627,Smart Watch,Electronics,1,260.64,260.64
TXN_10471,CUST_45,2026-07-02 06:29:14.956627,Laptop,Electronics,2,1109.76,2219.52
TXN_10472,CUST_118,2026-07-07 09:29:14.956627,Wireless Headphones,Accessories,3,147.65,442.95
TXN_10473,CUST_81,2026-06-09 19:29:14.956627,Tablet,Electronics,2,451.8,903.6
TXN_10474,CUST_40,2026-07-03 15:29:14.956627,Smartphone,Electronics,2,788.6,1577.2
TXN_10475,CUST_40,2026-06-12 19:29:14.956627,Smartphone,Electronics,3,835.39,2506.17
TXN_10476,CUST_92,2026-06-27 01:29:14.956627,Laptop,Electronics,2,1167.43,2334.86
TXN_10477,CUST_87,2026-06-28 01:29:14.956627,Smartphone,Electronics,1,859.68,859.68
TXN_10478,CUST_52,2026-07-06 07:29:14.956627,Tablet,Electronics,2,489.49,978.98
TXN_10479,CUST_130,2026-07-07 11:29:14.956627,Smart Watch,Electronics,1,263.78,263.78
TXN_10480,CUST_95,2026-06-17 16:29:14.956627,Smart Watch,Electronics,2,270.83,541.66
TXN_10481,CUST_50,2026-06-23 09:29:14.956627,Smartphone,Electronics,2,834.67,1669.34
TXN_10482,CUST_30,2026-06-29 23:29:14.956627,Laptop,Electronics,1,1160.45,1160.45
TXN_10483,CUST_56,2026-06-22 16:29:14.956627,Smartphone,Electronics,2,873.79,1747.58
TXN_10484,CUST_103,2026-07-04 01:29:14.956627,Tablet,Electronics,2,461.34,922.68
TXN_10485,CUST_73,2026-06-10 07:29:14.956627,Smart Watch,Electronics,3,265.74,797.22
TXN_10486,CUST_51,2026-07-02 23:29:14.956627,Tablet,Electronics,2,407.58,815.16
TXN_10487,CUST_5,2026-06-14 04:29:14.956627,Wireless Headphones,Accessories,2,149.8,299.6
TXN_10488,CUST_70,2026-07-03 02:29:14.956627,Laptop,Electronics,2,1212.1,2424.2
TXN_10489,CUST_70,2026-06-08 19:29:14.956627,Tablet,Electronics,3,457.95,1373.85
TXN_10490,CUST_8,2026-06-26 12:29:14.956627,Laptop,Electronics,2,1129.77,2259.54
TXN_10491,CUST_116,2026-07-05 01:29:14.956627,Smart Watch,Electronics,1,265.91,265.91
TXN_10492,CUST_145,2026-06-17 20:29:14.956627,Smart Watch,Electronics,1,256.77,256.77
TXN_10493,CUST_65,2026-06-25 10:29:14.956627,Smartphone,Electronics,3,729.31,2187.93
TXN_10494,CUST_47,2026-07-04 16:29:14.956627,Laptop,Electronics,1,1243.52,1243.52
TXN_10495,CUST_127,2026-06-17 00:29:14.956627,Tablet,Electronics,1,467.82,467.82
TXN_10496,CUST_124,2026-06-11 05:29:14.956627,Smart Watch,Electronics,1,239.5,239.5
TXN_10497,CUST_115,2026-06-09 16:29:14.956627,Laptop,Electronics,2,1162.37,2324.74
TXN_10498,CUST_42,2026-07-02 22:29:14.956627,Smartphone,Electronics,3,826.28,2478.84
TXN_10499,CUST_132,2026-06-14 08:29:14.956627,Tablet,Electronics,2,418.25,836.5
TXN_10500,CUST_41,2026-06-25 03:29:14.956627,Smart Watch,Electronics,2,230.02,460.04
TXN_10501,CUST_93,2026-07-01 07:29:14.956627,Tablet,Electronics,3,467.36,1402.08
TXN_10502,CUST_3,2026-06-17 01:29:14.956627,Laptop,Electronics,2,1230.99,2461.98
TXN_10503,CUST_38,2026-06-24 20:29:14.956627,Wireless Headphones,Accessories,1,141.79,141.79
TXN_10504,CUST_126,2026-07-01 09:29:14.956627,Tablet,Electronics,1,410.78,410.78
TXN_10505,CUST_122,2026-06-23 04:29:14.956627,Laptop,Electronics,1,1107.25,1107.25
TXN_10506,CUST_76,2026-06-30 16:29:14.956627,Wireless Headphones,Accessories,1,149.05,149.05
TXN_10507,CUST_138,2026-06-13 23:29:14.956627,Wireless Headphones,Accessories,1,156.35,156.35
TXN_10508,CUST_32,2026-06-08 20:29:14.956627,Smart Watch,Electronics,2,262.25,524.5
TXN_10509,CUST_25,2026-07-03 05:29:14.956627,Tablet,Electronics,3,467.82,1403.46
TXN_10510,CUST_20,2026-07-03 22:29:14.956627,Wireless Headphones,Accessories,2,137.54,275.08
TXN_10511,CUST_130,2026-06-16 21:29:14.956627,Laptop,Electronics,2,1233.35,2466.7
TXN_10512,CUST_112,2026-06-24 01:29:14.956627,Laptop,Electronics,3,1115.28,3345.84
TXN_10513,CUST_10,2026-07-01 05:29:14.956627,Wireless Headphones,Accessories,2,138.88,277.76
TXN_10514,CUST_52,2026-06-10 06:29:14.956627,Tablet,Electronics,2,406.77,813.54
TXN_10515,CUST_15,2026-07-02 07:29:14.956627,Laptop,Electronics,2,1312.63,2625.26
TXN_10516,CUST_10,2026-06-14 21:29:14.956627,Smartphone,Electronics,2,849.27,1698.54
TXN_10517,CUST_24,2026-06-25 11:29:14.956627,Smart Watch,Electronics,1,229.33,229.33
TXN_10518,CUST_55,2026-06-13 06:29:14.956627,Wireless Headphones,Accessories,3,146.38,439.14
TXN_10519,CUST_16,2026-06-09 13:29:14.956627,Wireless Headphones,Accessories,3,144.41,433.23
TXN_10520,CUST_101,2026-06-14 17:29:14.956627,Laptop,Electronics,1,1148.75,1148.75
TXN_10521,CUST_4,2026-06-14 21:29:14.956627,Smartphone,Electronics,1,853.23,853.23
TXN_10522,CUST_97,2026-07-06 18:29:14.956627,Smartphone,Electronics,2,743.91,1487.82
TXN_10523,CUST_144,2026-06-27 20:29:14.956627,Wireless Headphones,Accessories,2,147.46,294.92
TXN_10524,CUST_119,2026-06-22 12:29:14.956627,Smartphone,Electronics,3,741.5,2224.5
TXN_10525,CUST_94,2026-06-15 23:29:14.956627,Laptop,Electronics,3,1252.77,3758.31
TXN_10526,CUST_1,2026-06-24 10:29:14.956627,Laptop,Electronics,3,1317.76,3953.28
TXN_10527,CUST_75,2026-06-28 10:29:14.956627,Smartphone,Electronics,2,749.79,1499.58
TXN_10528,CUST_100,2026-07-02 04:29:14.956627,Smart Watch,Electronics,2,253.62,507.24
TXN_10529,CUST_75,2026-06-17 18:29:14.956627,Smart Watch,Electronics,1,262.36,262.36
TXN_10530,CUST_131,2026-06-24 15:29:14.956627,Smart Watch,Electronics,2,229.28,458.56
TXN_10531,CUST_66,2026-07-01 01:29:14.956627,Wireless Headphones,Accessories,3,161.42,484.26
TXN_10532,CUST_69,2026-06-08 21:29:14.956627,Wireless Headphones,Accessories,3,164.26,492.78
TXN_10533,CUST_48,2026-06-14 07:29:14.956627,Wireless Headphones,Accessories,2,138.2,276.4
TXN_10534,CUST_140,2026-06-12 02:29:14.956627,Wireless Headphones,Accessories,3,145.08,435.24
TXN_10535,CUST_10,2026-06-10 18:29:14.956627,Wireless Headphones,Accessories,2,150.79,301.58
TXN_10536,CUST_132,2026-07-01 08:29:14.956627,Wireless Headphones,Accessories,2,158.72,317.44
TXN_10537,CUST_145,2026-06-25 20:29:14.956627,Smart Watch,Electronics,2,257.34,514.68
TXN_10538,CUST_132,2026-06-16 05:29:14.956627,Smart Watch,Electronics,2,274.37,548.74
TXN_10539,CUST_24,2026-07-08 18:29:14.956627,Laptop,Electronics,2,1229.33,2458.66
TXN_10540,CUST_35,2026-06-19 10:29:14.956627,Smartphone,Electronics,2,843.25,1686.5
TXN_10541,CUST_1,2026-06-09 22:29:14.956627,Smartphone,Electronics,2,792.13,1584.26
TXN_10542,CUST_128,2026-06-29 03:29:14.956627,Tablet,Electronics,3,441.76,1325.28
TXN_10543,CUST_131,2026-06-18 13:29:14.956627,Wireless Headphones,Accessories,1,164.87,164.87
TXN_10544,CUST_88,2026-06-27 04:29:14.956627,Smart Watch,Electronics,1,229.11,229.11
TXN_10545,CUST_6,2026-06-22 10:29:14.956627,Smart Watch,Electronics,2,256.21,512.42
TXN_10546,CUST_124,2026-06-16 12:29:14.956627,Laptop,Electronics,1,1302.63,1302.63
TXN_10547,CUST_92,2026-06-16 23:29:14.956627,Tablet,Electronics,2,462.87,925.74
TXN_10548,CUST_111,2026-06-16 21:29:14.956627,Laptop,Electronics,3,1228.1,3684.3
TXN_10549,CUST_76,2026-06-27 08:29:14.956627,Tablet,Electronics,2,474.08,948.16
TXN_10550,CUST_140,2026-06-23 12:29:14.956627,Tablet,Electronics,2,485.53,971.06
TXN_10551,CUST_31,2026-06-26 07:29:14.956627,Tablet,Electronics,1,416.49,416.49
TXN_10552,CUST_13,2026-06-20 01:29:14.956627,Smart Watch,Electronics,3,241.63,724.89
TXN_10553,CUST_74,2026-06-12 03:29:14.956627,Smart Watch,Electronics,2,250.46,500.92
TXN_10554,CUST_140,2026-06-18 13:29:14.956627,Smart Watch,Electronics,1,227.56,227.56
TXN_10555,CUST_120,2026-06-10 19:29:14.956627,Wireless Headphones,Accessories,2,148.74,297.48
TXN_10556,CUST_21,2026-07-02 07:29:14.956627,Tablet,Electronics,2,435.2,870.4
TXN_10557,CUST_26,2026-06-19 09:29:14.956627,Smartphone,Electronics,1,825.15,825.15
TXN_10558,CUST_41,2026-06-18 15:29:14.956627,Wireless Headphones,Accessories,1,136.94,136.94
TXN_10559,CUST_119,2026-06-17 08:29:14.956627,Wireless Headphones,Accessories,3,136.42,409.26
TXN_10560,CUST_74,2026-07-01 03:29:14.956627,Laptop,Electronics,2,1266.19,2532.38
TXN_10561,CUST_51,2026-06-20 18:29:14.956627,Smart Watch,Electronics,3,243.58,730.74
TXN_10562,CUST_40,2026-06-21 14:29:14.956627,Wireless Headphones,Accessories,1,135.66,135.66
TXN_10563,CUST_62,2026-06-30 00:29:14.956627,Tablet,Electronics,1,471.74,471.74
TXN_10564,CUST_106,2026-06-21 07:29:14.956627,Tablet,Electronics,2,462.3,924.6
TXN_10565,CUST_112,2026-06-12 03:29:14.956627,Smart Watch,Electronics,2,266.02,532.04
TXN_10566,CUST_41,2026-07-07 19:29:14.956627,Laptop,Electronics,3,1258.61,3775.83
TXN_10567,CUST_60,2026-07-03 02:29:14.956627,Tablet,Electronics,3,479.03,1437.09
TXN_10568,CUST_70,2026-06-09 06:29:14.956627,Tablet,Electronics,2,473.6,947.2
TXN_10569,CUST_91,2026-06-28 04:29:14.956627,Smartphone,Electronics,1,794.88,794.88
TXN_10570,CUST_55,2026-07-05 08:29:14.956627,Tablet,Electronics,1,487.65,487.65
TXN_10571,CUST_46,2026-06-09 05:29:14.956627,Smartphone,Electronics,3,761.12,2283.36
TXN_10572,CUST_35,2026-07-01 12:29:14.956627,Smartphone,Electronics,3,849.53,2548.59
TXN_10573,CUST_14,2026-06-27 02:29:14.956627,Smartphone,Electronics,3,739.22,2217.66
TXN_10574,CUST_75,2026-06-21 06:29:14.956627,Smart Watch,Electronics,1,231.94,231.94
TXN_10575,CUST_42,2026-06-10 07:29:14.956627,Tablet,Electronics,3,449.12,1347.36
TXN_10576,CUST_131,2026-07-03 15:29:14.956627,Wireless Headphones,Accessories,1,147.26,147.26
TXN_10577,CUST_60,2026-06-16 08:29:14.956627,Smartphone,Electronics,1,739.81,739.81
TXN_10578,CUST_55,2026-06-20 17:29:14.956627,Wireless Headphones,Accessories,1,162.31,162.31
TXN_10579,CUST_129,2026-06-22 19:29:14.956627,Smart Watch,Electronics,3,235.35,706.05
TXN_10580,CUST_58,2026-07-03 20:29:14.956627,Laptop,Electronics,1,1171.7,1171.7
TXN_10581,CUST_1,2026-06-21 19:29:14.956627,Smartphone,Electronics,2,789.17,1578.34
TXN_10582,CUST_47,2026-06-28 09:29:14.956627,Tablet,Electronics,3,483.98,1451.94
TXN_10583,CUST_30,2026-06-19 07:29:14.956627,Laptop,Electronics,1,1090.17,1090.17
TXN_10584,CUST_12,2026-06-10 14:29:14.956627,Wireless Headphones,Accessories,1,157.38,157.38
TXN_10585,CUST_146,2026-06-23 03:29:14.956627,Laptop,Electronics,2,1083.94,2167.88
TXN_10586,CUST_131,2026-06-12 04:29:14.956627,Tablet,Electronics,1,432.07,432.07
TXN_10587,CUST_105,2026-06-10 04:29:14.956627,Laptop,Electronics,1,1314.68,1314.68
TXN_10588,CUST_61,2026-06-29 08:29:14.956627,Wireless Headphones,Accessories,2,151.05,302.1
TXN_10589,CUST_51,2026-06-25 19:29:14.956627,Smartphone,Electronics,3,799.69,2399.07
TXN_10590,CUST_5,2026-07-07 02:29:14.956627,Smartphone,Electronics,1,863.74,863.74
TXN_10591,CUST_10,2026-07-03 13:29:14.956627,Laptop,Electronics,3,1298.69,3896.07
TXN_10592,CUST_111,2026-07-07 03:29:14.956627,Smartphone,Electronics,3,871.42,2614.26
TXN_10593,CUST_132,2026-06-21 19:29:14.956627,Wireless Headphones,Accessories,1,161.74,161.74
TXN_10594,CUST_7,2026-06-20 21:29:14.956627,Smartphone,Electronics,2,853.35,1706.7
TXN_10595,CUST_95,2026-06-10 19:29:14.956627,Smart Watch,Electronics,2,272.17,544.34
TXN_10596,CUST_89,2026-06-19 06:29:14.956627,Laptop,Electronics,3,1256.63,3769.89
TXN_10597,CUST_141,2026-07-05 13:29:14.956627,Smartphone,Electronics,2,720.31,1440.62
TXN_10598,CUST_68,2026-06-12 22:29:14.956627,Tablet,Electronics,2,439.04,878.08
TXN_10599,CUST_22,2026-07-06 09:29:14.956627,Wireless Headphones,Accessories,3,156.69,470.07
TXN_10600,CUST_126,2026-06-23 05:29:14.956627,Wireless Headphones,Accessories,3,149.39,448.17
TXN_10601,CUST_147,2026-07-07 23:29:14.956627,Smartphone,Electronics,1,722.46,722.46
TXN_10602,CUST_9,2026-06-19 19:29:14.956627,Laptop,Electronics,2,1175.14,2350.28
TXN_10603,CUST_50,2026-07-01 20:29:14.956627,Wireless Headphones,Accessories,3,161.87,485.61
TXN_10604,CUST_19,2026-06-29 12:29:14.956627,Wireless Headphones,Accessories,2,161.02,322.04
TXN_10605,CUST_40,2026-06-13 00:29:14.956627,Laptop,Electronics,1,1108.84,1108.84
TXN_10606,CUST_130,2026-06-17 06:29:14.956627,Smart Watch,Electronics,2,269.36,538.72
TXN_10607,CUST_26,2026-07-08 08:29:14.956627,Wireless Headphones,Accessories,1,156.81,156.81
TXN_10608,CUST_66,2026-06-17 00:29:14.956627,Smartphone,Electronics,2,747.98,1495.96
TXN_10609,CUST_106,2026-06-18 00:29:14.956627,Wireless Headphones,Accessories,2,157.89,315.78
TXN_10610,CUST_22,2026-07-02 20:29:14.956627,Tablet,Electronics,2,431.52,863.04
TXN_10611,CUST_16,2026-07-08 13:29:14.956627,Smartphone,Electronics,2,722.67,1445.34
TXN_10612,CUST_2,2026-06-28 07:29:14.956627,Tablet,Electronics,3,470.79,1412.37
TXN_10613,CUST_43,2026-07-05 06:29:14.956627,Tablet,Electronics,1,476.92,476.92
TXN_10614,CUST_61,2026-06-19 03:29:14.956627,Laptop,Electronics,3,1249.79,3749.37
TXN_10615,CUST_116,2026-06-14 07:29:14.956627,Wireless Headphones,Accessories,2,149.23,298.46
TXN_10616,CUST_130,2026-06-26 09:29:14.956627,Smart Watch,Electronics,1,236.12,236.12
TXN_10617,CUST_21,2026-07-07 07:29:14.956627,Tablet,Electronics,1,405.01,405.01
TXN_10618,CUST_90,2026-06-12 06:29:14.956627,Tablet,Electronics,3,446.51,1339.53
TXN_10619,CUST_143,2026-07-06 03:29:14.956627,Wireless Headphones,Accessories,2,142.38,284.76
TXN_10620,CUST_27,2026-06-09 16:29:14.956627,Smart Watch,Electronics,3,274.97,824.91
TXN_10621,CUST_134,2026-06-09 17:29:14.956627,Tablet,Electronics,2,427.76,855.52
TXN_10622,CUST_84,2026-07-01 02:29:14.956627,Laptop,Electronics,2,1163.64,2327.28
TXN_10623,CUST_54,2026-06-22 18:29:14.956627,Tablet,Electronics,2,478.03,956.06
TXN_10624,CUST_81,2026-06-08 23:29:14.956627,Tablet,Electronics,2,483.81,967.62
TXN_10625,CUST_33,2026-06-13 15:29:14.956627,Tablet,Electronics,1,476.88,476.88
TXN_10626,CUST_11,2026-07-07 11:29:14.956627,Wireless Headphones,Accessories,1,156.41,156.41
TXN_10627,CUST_139,2026-06-23 13:29:14.956627,Wireless Headphones,Accessories,3,150.23,450.69
TXN_10628,CUST_119,2026-07-04 14:29:14.956627,Tablet,Electronics,3,475.25,1425.75
TXN_10629,CUST_142,2026-06-17 00:29:14.956627,Smart Watch,Electronics,3,260.06,780.18
TXN_10630,CUST_122,2026-07-08 17:29:14.956627,Laptop,Electronics,1,1256.8,1256.8
TXN_10631,CUST_134,2026-06-11 07:29:14.956627,Smartphone,Electronics,2,872.84,1745.68
TXN_10632,CUST_51,2026-06-13 03:29:14.956627,Smartphone,Electronics,1,829.46,829.46
TXN_10633,CUST_116,2026-06-10 21:29:14.956627,Laptop,Electronics,2,1235.68,2471.36
TXN_10634,CUST_1,2026-06-27 14:29:14.956627,Laptop,Electronics,3,1268.49,3805.47
TXN_10635,CUST_3,2026-06-25 08:29:14.956627,Wireless Headphones,Accessories,3,163.31,489.93
TXN_10636,CUST_136,2026-06-11 14:29:14.956627,Laptop,Electronics,2,1277.16,2554.32
TXN_10637,CUST_16,2026-06-13 16:29:14.956627,Smart Watch,Electronics,2,236.89,473.78
TXN_10638,CUST_84,2026-06-18 11:29:14.956627,Wireless Headphones,Accessories,1,154.07,154.07
TXN_10639,CUST_27,2026-07-04 07:29:14.956627,Tablet,Electronics,1,405.79,405.79
TXN_10640,CUST_11,2026-06-23 07:29:14.956627,Tablet,Electronics,1,416.5,416.5
TXN_10641,CUST_27,2026-07-03 00:29:14.956627,Laptop,Electronics,3,1109.97,3329.91
TXN_10642,CUST_112,2026-07-03 00:29:14.956627,Tablet,Electronics,1,481.83,481.83
TXN_10643,CUST_12,2026-06-16 18:29:14.956627,Smart Watch,Electronics,2,262.25,524.5
TXN_10644,CUST_141,2026-06-21 10:29:14.956627,Tablet,Electronics,2,473.12,946.24
TXN_10645,CUST_137,2026-06-30 00:29:14.956627,Smart Watch,Electronics,3,262.17,786.51
TXN_10646,CUST_144,2026-06-09 12:29:14.956627,Laptop,Electronics,2,1223.94,2447.88
TXN_10647,CUST_11,2026-06-25 14:29:14.956627,Tablet,Electronics,2,415.47,830.94
TXN_10648,CUST_26,2026-06-19 16:29:14.956627,Laptop,Electronics,1,1125.64,1125.64
TXN_10649,CUST_8,2026-06-26 14:29:14.956627,Smart Watch,Electronics,2,241.78,483.56
TXN_10650,CUST_134,2026-06-27 16:29:14.956627,Laptop,Electronics,3,1139.68,3419.04
TXN_10651,CUST_30,2026-06-24 04:29:14.956627,Smart Watch,Electronics,3,268.89,806.67
TXN_10652,CUST_64,2026-06-21 06:29:14.956627,Tablet,Electronics,3,454.4,1363.2
TXN_10653,CUST_29,2026-06-20 16:29:14.956627,Laptop,Electronics,3,1225.55,3676.65
TXN_10654,CUST_148,2026-07-02 04:29:14.956627,Wireless Headphones,Accessories,3,150.66,451.98
TXN_10655,CUST_138,2026-07-06 22:29:14.956627,Laptop,Electronics,2,1139.1,2278.2
TXN_10656,CUST_97,2026-06-27 04:29:14.956627,Tablet,Electronics,1,416.18,416.18
TXN_10657,CUST_111,2026-06-22 14:29:14.956627,Tablet,Electronics,2,481.37,962.74
TXN_10658,CUST_14,2026-06-19 22:29:14.956627,Tablet,Electronics,2,472.16,944.32
TXN_10659,CUST_148,2026-07-05 13:29:14.956627,Tablet,Electronics,3,478.11,1434.33
TXN_10660,CUST_94,2026-06-26 22:29:14.956627,Laptop,Electronics,1,1256.77,1256.77
TXN_10661,CUST_20,2026-06-15 14:29:14.956627,Laptop,Electronics,1,1191.01,1191.01
TXN_10662,CUST_94,2026-06-23 03:29:14.956627,Smart Watch,Electronics,1,239.73,239.73
TXN_10663,CUST_93,2026-07-07 01:29:14.956627,Tablet,Electronics,3,438.41,1315.23
TXN_10664,CUST_50,2026-06-20 16:29:14.956627,Smart Watch,Electronics,3,255.36,766.08
TXN_10665,CUST_81,2026-06-30 20:29:14.956627,Wireless Headphones,Accessories,2,155.66,311.32
TXN_10666,CUST_103,2026-06-15 08:29:14.956627,Wireless Headphones,Accessories,3,162.66,487.98
TXN_10667,CUST_131,2026-07-02 16:29:14.956627,Smart Watch,Electronics,2,272.59,545.18
TXN_10668,CUST_90,2026-06-11 06:29:14.956627,Wireless Headphones,Accessories,2,153.97,307.94
TXN_10669,CUST_15,2026-06-30 08:29:14.956627,Wireless Headphones,Accessories,1,163.76,163.76
TXN_10670,CUST_6,2026-06-09 11:29:14.956627,Smart Watch,Electronics,3,225.13,675.39
TXN_10671,CUST_72,2026-07-01 02:29:14.956627,Wireless Headphones,Accessories,1,163.53,163.53
TXN_10672,CUST_91,2026-07-06 22:29:14.956627,Tablet,Electronics,3,470.06,1410.18
TXN_10673,CUST_113,2026-07-02 10:29:14.956627,Wireless Headphones,Accessories,2,139.07,278.14
TXN_10674,CUST_36,2026-07-05 08:29:14.956627,Laptop,Electronics,3,1228.04,3684.12
TXN_10675,CUST_87,2026-06-09 11:29:14.956627,Wireless Headphones,Accessories,3,164.45,493.35
TXN_10676,CUST_98,2026-07-01 15:29:14.956627,Smartphone,Electronics,3,723.43,2170.29
TXN_10677,CUST_84,2026-06-20 00:29:14.956627,Laptop,Electronics,3,1187.4,3562.2
TXN_10678,CUST_6,2026-07-02 17:29:14.956627,Smartphone,Electronics,2,797.49,1594.98
TXN_10679,CUST_109,2026-07-03 02:29:14.956627,Laptop,Electronics,3,1188.91,3566.73
TXN_10680,CUST_81,2026-06-18 23:29:14.956627,Wireless Headphones,Accessories,2,137.51,275.02
TXN_10681,CUST_32,2026-06-11 13:29:14.956627,Smart Watch,Electronics,2,258.86,517.72
TXN_10682,CUST_141,2026-06-11 03:29:14.956627,Smart Watch,Electronics,2,271.28,542.56
TXN_10683,CUST_128,2026-06-20 15:29:14.956627,Smartphone,Electronics,1,865.31,865.31
TXN_10684,CUST_117,2026-06-24 01:29:14.956627,Smartphone,Electronics,3,803.74,2411.22
TXN_10685,CUST_68,2026-06-15 21:29:14.956627,Wireless Headphones,Accessories,2,135.84,271.68
TXN_10686,CUST_60,2026-07-02 06:29:14.956627,Tablet,Electronics,3,465.4,1396.2
TXN_10687,CUST_65,2026-06-17 10:29:14.956627,Laptop,Electronics,2,1170.03,2340.06
TXN_10688,CUST_128,2026-06-14 01:29:14.956627,Wireless Headphones,Accessories,1,154.58,154.58
TXN_10689,CUST_8,2026-06-15 01:29:14.956627,Tablet,Electronics,1,465.6,465.6
TXN_10690,CUST_29,2026-06-12 00:29:14.956627,Smartphone,Electronics,2,757.7,1515.4
TXN_10691,CUST_2,2026-06-11 18:29:14.956627,Smart Watch,Electronics,2,267.96,535.92
TXN_10692,CUST_122,2026-06-24 20:29:14.956627,Tablet,Electronics,2,433.7,867.4
TXN_10693,CUST_135,2026-07-04 13:29:14.956627,Tablet,Electronics,1,447.62,447.62
TXN_10694,CUST_29,2026-06-18 14:29:14.956627,Wireless Headphones,Accessories,1,155.82,155.82
TXN_10695,CUST_131,2026-06-27 12:29:14.956627,Smart Watch,Electronics,3,243.05,729.15
TXN_10696,CUST_71,2026-07-02 15:29:14.956627,Smartphone,Electronics,2,723.12,1446.24
TXN_10697,CUST_4,2026-06-24 23:29:14.956627,Smartphone,Electronics,3,758.24,2274.72
TXN_10698,CUST_7,2026-06-19 02:29:14.956627,Laptop,Electronics,1,1094.04,1094.04
TXN_10699,CUST_114,2026-07-07 08:29:14.956627,Smartphone,Electronics,1,774.1,774.1
TXN_10700,CUST_46,2026-06-11 23:29:14.956627,Wireless Headphones,Accessories,2,136.75,273.5
TXN_10701,CUST_125,2026-06-12 22:29:14.956627,Laptop,Electronics,3,1130.05,3390.15
TXN_10702,CUST_40,2026-06-11 19:29:14.956627,Smart Watch,Electronics,3,273.75,821.25
TXN_10703,CUST_96,2026-06-26 14:29:14.956627,Tablet,Electronics,2,408.72,817.44
TXN_10704,CUST_131,2026-06-16 14:29:14.956627,Wireless Headphones,Accessories,2,141.82,283.64
TXN_10705,CUST_55,2026-06-28 14:29:14.956627,Smart Watch,Electronics,1,230.55,230.55
TXN_10706,CUST_130,2026-06-16 15:29:14.956627,Smartphone,Electronics,2,724.19,1448.38
TXN_10707,CUST_57,2026-07-04 06:29:14.956627,Tablet,Electronics,3,465.22,1395.66
TXN_10708,CUST_127,2026-06-19 06:29:14.956627,Wireless Headphones,Accessories,3,162.74,488.22
TXN_10709,CUST_55,2026-06-16 16:29:14.956627,Tablet,Electronics,2,474.09,948.18
TXN_10710,CUST_56,2026-06-26 07:29:14.956627,Wireless Headphones,Accessories,1,139.8,139.8
TXN_10711,CUST_77,2026-06-24 15:29:14.956627,Wireless Headphones,Accessories,1,145.41,145.41
TXN_10712,CUST_147,2026-06-11 18:29:14.956627,Wireless Headphones,Accessories,2,141.85,283.7
TXN_10713,CUST_6,2026-06-30 21:29:14.956627,Smart Watch,Electronics,1,234.96,234.96
TXN_10714,CUST_25,2026-06-18 14:29:14.956627,Wireless Headphones,Accessories,2,147.73,295.46
TXN_10715,CUST_30,2026-07-06 07:29:14.956627,Wireless Headphones,Accessories,1,161.28,161.28
TXN_10716,CUST_120,2026-07-05 23:29:14.956627,Smart Watch,Electronics,2,232.67,465.34
TXN_10717,CUST_138,2026-06-13 06:29:14.956627,Smartphone,Electronics,2,730.72,1461.44
TXN_10718,CUST_5,2026-06-11 16:29:14.956627,Smartphone,Electronics,2,755.14,1510.28
TXN_10719,CUST_122,2026-07-04 18:29:14.956627,Tablet,Electronics,3,468.99,1406.97
TXN_10720,CUST_15,2026-07-01 10:29:14.956627,Tablet,Electronics,1,427.48,427.48
TXN_10721,CUST_110,2026-07-05 19:29:14.956627,Wireless Headphones,Accessories,3,156.64,469.92
TXN_10722,CUST_82,2026-07-04 12:29:14.956627,Laptop,Electronics,1,1151.17,1151.17
TXN_10723,CUST_85,2026-06-29 00:29:14.956627,Tablet,Electronics,3,405.44,1216.32
TXN_10724,CUST_33,2026-06-25 05:29:14.956627,Smartphone,Electronics,2,841.7,1683.4
TXN_10725,CUST_131,2026-06-13 05:29:14.956627,Tablet,Electronics,3,416.67,1250.01
TXN_10726,CUST_11,2026-06-29 03:29:14.956627,Smartphone,Electronics,3,820.06,2460.18
TXN_10727,CUST_97,2026-06-30 01:29:14.956627,Smart Watch,Electronics,2,256.06,512.12
TXN_10728,CUST_117,2026-06-22 03:29:14.956627,Laptop,Electronics,2,1282.66,2565.32
TXN_10729,CUST_43,2026-06-16 23:29:14.956627,Smartphone,Electronics,2,825.05,1650.1
TXN_10730,CUST_126,2026-07-07 02:29:14.956627,Smart Watch,Electronics,3,266.79,800.37
TXN_10731,CUST_34,2026-07-01 15:29:14.956627,Laptop,Electronics,3,1126.43,3379.29
TXN_10732,CUST_51,2026-06-11 05:29:14.956627,Wireless Headphones,Accessories,1,160.73,160.73
TXN_10733,CUST_109,2026-06-15 04:29:14.956627,Laptop,Electronics,3,1275.55,3826.65
TXN_10734,CUST_146,2026-06-13 15:29:14.956627,Smart Watch,Electronics,3,258.29,774.87
TXN_10735,CUST_75,2026-06-28 03:29:14.956627,Laptop,Electronics,3,1261.02,3783.06
TXN_10736,CUST_45,2026-06-26 17:29:14.956627,Laptop,Electronics,1,1154.46,1154.46
TXN_10737,CUST_108,2026-06-14 18:29:14.956627,Wireless Headphones,Accessories,1,135.53,135.53
TXN_10738,CUST_38,2026-06-09 04:29:14.956627,Tablet,Electronics,3,435.32,1305.96
TXN_10739,CUST_83,2026-06-23 20:29:14.956627,Smartphone,Electronics,2,854.44,1708.88
TXN_10740,CUST_77,2026-06-23 04:29:14.956627,Laptop,Electronics,1,1101.53,1101.53
TXN_10741,CUST_10,2026-07-01 08:29:14.956627,Laptop,Electronics,1,1313.73,1313.73
TXN_10742,CUST_77,2026-06-12 13:29:14.956627,Smart Watch,Electronics,1,253.44,253.44
TXN_10743,CUST_107,2026-06-19 01:29:14.956627,Wireless Headphones,Accessories,3,152.91,458.73
TXN_10744,CUST_71,2026-06-24 18:29:14.956627,Tablet,Electronics,1,429.55,429.55
TXN_10745,CUST_1,2026-06-26 12:29:14.956627,Laptop,Electronics,2,1137.87,2275.74
TXN_10746,CUST_104,2026-06-13 17:29:14.956627,Smartphone,Electronics,3,861.13,2583.39
TXN_10747,CUST_33,2026-06-16 18:29:14.956627,Tablet,Electronics,2,478.9,957.8
TXN_10748,CUST_127,2026-06-13 02:29:14.956627,Tablet,Electronics,1,454.3,454.3
TXN_10749,CUST_44,2026-07-04 18:29:14.956627,Smartphone,Electronics,2,780.84,1561.68
TXN_10750,CUST_74,2026-06-11 23:29:14.956627,Wireless Headphones,Accessories,2,153.7,307.4
TXN_10751,CUST_63,2026-06-14 20:29:14.956627,Smartphone,Electronics,1,804.65,804.65
TXN_10752,CUST_84,2026-06-09 02:29:14.956627,Laptop,Electronics,2,1131.01,2262.02
TXN_10753,CUST_133,2026-06-11 18:29:14.956627,Wireless Headphones,Accessories,1,156.86,156.86
TXN_10754,CUST_57,2026-06-21 19:29:14.956627,Smart Watch,Electronics,2,257.4,514.8
TXN_10755,CUST_14,2026-06-19 23:29:14.956627,Smartphone,Electronics,3,873.1,2619.3
TXN_10756,CUST_87,2026-06-15 11:29:14.956627,Smart Watch,Electronics,3,257.1,771.3
TXN_10757,CUST_140,2026-07-05 20:29:14.956627,Laptop,Electronics,3,1211.39,3634.17
TXN_10758,CUST_34,2026-07-02 21:29:14.956627,Smartphone,Electronics,3,792.27,2376.81
TXN_10759,CUST_9,2026-06-12 11:29:14.956627,Laptop,Electronics,2,1305.6,2611.2
TXN_10760,CUST_82,2026-07-06 05:29:14.956627,Smart Watch,Electronics,2,268.13,536.26
TXN_10761,CUST_24,2026-07-06 20:29:14.956627,Wireless Headphones,Accessories,1,160.59,160.59
TXN_10762,CUST_41,2026-07-04 23:29:14.956627,Smartphone,Electronics,3,846.75,2540.25
TXN_10763,CUST_95,2026-06-08 20:29:14.956627,Smart Watch,Electronics,1,267.46,267.46
TXN_10764,CUST_62,2026-07-07 04:29:14.956627,Tablet,Electronics,1,407.24,407.24
TXN_10765,CUST_19,2026-06-15 13:29:14.956627,Smart Watch,Electronics,2,261.1,522.2
TXN_10766,CUST_52,2026-07-02 00:29:14.956627,Laptop,Electronics,2,1259.25,2518.5
TXN_10767,CUST_77,2026-07-08 17:29:14.956627,Laptop,Electronics,3,1315.18,3945.54
TXN_10768,CUST_75,2026-06-15 19:29:14.956627,Wireless Headphones,Accessories,3,151.62,454.86
TXN_10769,CUST_62,2026-06-17 02:29:14.956627,Smart Watch,Electronics,2,234.46,468.92
TXN_10770,CUST_76,2026-06-26 19:29:14.956627,Smartphone,Electronics,3,829.93,2489.79
TXN_10771,CUST_126,2026-06-10 08:29:14.956627,Laptop,Electronics,3,1182.79,3548.37
TXN_10772,CUST_43,2026-06-10 00:29:14.956627,Wireless Headphones,Accessories,2,144.75,289.5
TXN_10773,CUST_31,2026-06-11 01:29:14.956627,Tablet,Electronics,1,432.12,432.12
TXN_10774,CUST_116,2026-07-06 23:29:14.956627,Tablet,Electronics,2,451.43,902.86
TXN_10775,CUST_133,2026-06-20 11:29:14.956627,Laptop,Electronics,3,1164.96,3494.88
TXN_10776,CUST_125,2026-06-18 14:29:14.956627,Smartphone,Electronics,2,842.75,1685.5
TXN_10777,CUST_76,2026-07-08 05:29:14.956627,Smart Watch,Electronics,3,225.1,675.3
TXN_10778,CUST_46,2026-07-02 04:29:14.956627,Wireless Headphones,Accessories,2,160.64,321.28
TXN_10779,CUST_39,2026-06-12 22:29:14.956627,Tablet,Electronics,1,419.98,419.98
TXN_10780,CUST_7,2026-06-29 16:29:14.956627,Smart Watch,Electronics,2,243.36,486.72
TXN_10781,CUST_27,2026-06-11 12:29:14.956627,Wireless Headphones,Accessories,2,146.74,293.48
TXN_10782,CUST_95,2026-06-09 12:29:14.956627,Tablet,Electronics,2,484.38,968.76
TXN_10783,CUST_71,2026-07-08 18:29:14.956627,Smart Watch,Electronics,1,265.43,265.43
TXN_10784,CUST_58,2026-06-15 09:29:14.956627,Tablet,Electronics,1,442.59,442.59
TXN_10785,CUST_69,2026-06-12 21:29:14.956627,Smartphone,Electronics,3,730.79,2192.37
TXN_10786,CUST_10,2026-07-01 21:29:14.956627,Tablet,Electronics,3,410.98,1232.94
TXN_10787,CUST_15,2026-06-10 17:29:14.956627,Wireless Headphones,Accessories,2,152.54,305.08
TXN_10788,CUST_38,2026-07-05 00:29:14.956627,Laptop,Electronics,3,1308.66,3925.98
TXN_10789,CUST_85,2026-07-07 04:29:14.956627,Smartphone,Electronics,3,723.38,2170.14
TXN_10790,CUST_109,2026-06-17 22:29:14.956627,Tablet,Electronics,2,451.94,903.88
TXN_10791,CUST_123,2026-07-06 04:29:14.956627,Wireless Headphones,Accessories,1,156.4,156.4
TXN_10792,CUST_26,2026-06-24 07:29:14.956627,Smartphone,Electronics,1,762.19,762.19
TXN_10793,CUST_92,2026-07-01 13:29:14.956627,Laptop,Electronics,3,1153.87,3461.61
TXN_10794,CUST_76,2026-07-08 15:29:14.956627,Smartphone,Electronics,1,871.86,871.86
TXN_10795,CUST_119,2026-06-18 17:29:14.956627,Smartphone,Electronics,2,752.88,1505.76
TXN_10796,CUST_16,2026-07-07 01:29:14.956627,Smartphone,Electronics,1,823.55,823.55
TXN_10797,CUST_78,2026-06-17 03:29:14.956627,Wireless Headphones,Accessories,2,141.41,282.82
TXN_10798,CUST_8,2026-06-18 02:29:14.956627,Smartphone,Electronics,3,729.95,2189.85
TXN_10799,CUST_38,2026-06-08 22:29:14.956627,Smart Watch,Electronics,3,255.01,765.03
TXN_10800,CUST_128,2026-06-30 02:29:14.956627,Wireless Headphones,Accessories,2,142.29,284.58
TXN_10801,CUST_58,2026-07-04 08:29:14.956627,Laptop,Electronics,2,1313.63,2627.26
TXN_10802,CUST_2,2026-07-08 05:29:14.956627,Laptop,Electronics,1,1121.92,1121.92
TXN_10803,CUST_21,2026-06-30 01:29:14.956627,Tablet,Electronics,3,446.2,1338.6
TXN_10804,CUST_148,2026-06-14 04:29:14.956627,Smartphone,Electronics,1,820.34,820.34
TXN_10805,CUST_30,2026-06-21 14:29:14.956627,Smart Watch,Electronics,2,261.8,523.6
TXN_10806,CUST_131,2026-06-17 17:29:14.956627,Smartphone,Electronics,3,742.73,2228.19
TXN_10807,CUST_3,2026-07-02 14:29:14.956627,Smartphone,Electronics,2,736.92,1473.84
TXN_10808,CUST_109,2026-06-11 17:29:14.956627,Laptop,Electronics,1,1119.74,1119.74
TXN_10809,CUST_131,2026-07-05 01:29:14.956627,Smartphone,Electronics,2,871.46,1742.92
TXN_10810,CUST_24,2026-06-19 20:29:14.956627,Wireless Headphones,Accessories,2,138.36,276.72
TXN_10811,CUST_6,2026-06-20 12:29:14.956627,Smartphone,Electronics,2,859.86,1719.72
TXN_10812,CUST_128,2026-06-12 16:29:14.956627,Wireless Headphones,Accessories,2,163.71,327.42
TXN_10813,CUST_96,2026-06-14 07:29:14.956627,Smartphone,Electronics,1,806.2,806.2
TXN_10814,CUST_46,2026-06-13 04:29:14.956627,Laptop,Electronics,3,1192.84,3578.52
TXN_10815,CUST_78,2026-06-23 23:29:14.956627,Smart Watch,Electronics,2,240.81,481.62
TXN_10816,CUST_143,2026-06-11 01:29:14.956627,Smartphone,Electronics,3,842.85,2528.55
TXN_10817,CUST_12,2026-06-09 00:29:14.956627,Smart Watch,Electronics,1,252.61,252.61
TXN_10818,CUST_47,2026-06-21 14:29:14.956627,Tablet,Electronics,2,405.32,810.64
TXN_10819,CUST_58,2026-06-20 11:29:14.956627,Tablet,Electronics,2,494.72,989.44
TXN_10820,CUST_27,2026-06-19 05:29:14.956627,Smartphone,Electronics,1,854.4,854.4
TXN_10821,CUST_146,2026-06-26 20:29:14.956627,Smartphone,Electronics,2,821.5,1643.0
TXN_10822,CUST_16,2026-06-21 15:29:14.956627,Laptop,Electronics,3,1225.22,3675.66
TXN_10823,CUST_114,2026-06-18 09:29:14.956627,Smartphone,Electronics,1,773.85,773.85
TXN_10824,CUST_61,2026-06-22 09:29:14.956627,Laptop,Electronics,3,1266.46,3799.38
TXN_10825,CUST_16,2026-06-15 08:29:14.956627,Smart Watch,Electronics,3,262.1,786.3
TXN_10826,CUST_139,2026-07-04 20:29:14.956627,Smartphone,Electronics,1,781.09,781.09
TXN_10827,CUST_107,2026-06-13 21:29:14.956627,Tablet,Electronics,1,415.83,415.83
TXN_10828,CUST_93,2026-06-20 10:29:14.956627,Smartphone,Electronics,1,847.12,847.12
TXN_10829,CUST_79,2026-06-09 06:29:14.956627,Smartphone,Electronics,2,861.31,1722.62
TXN_10830,CUST_29,2026-07-03 19:29:14.956627,Tablet,Electronics,2,471.97,943.94
TXN_10831,CUST_135,2026-06-25 21:29:14.956627,Smartphone,Electronics,1,828.22,828.22
TXN_10832,CUST_81,2026-06-12 15:29:14.956627,Laptop,Electronics,2,1159.49,2318.98
TXN_10833,CUST_64,2026-07-06 13:29:14.956627,Laptop,Electronics,2,1187.86,2375.72
TXN_10834,CUST_46,2026-07-01 18:29:14.956627,Smart Watch,Electronics,1,236.0,236.0
TXN_10835,CUST_21,2026-06-10 12:29:14.956627,Tablet,Electronics,2,450.59,901.18
TXN_10836,CUST_99,2026-06-24 01:29:14.956627,Laptop,Electronics,2,1271.88,2543.76
TXN_10837,CUST_146,2026-07-05 00:29:14.956627,Smartphone,Electronics,1,806.58,806.58
TXN_10838,CUST_130,2026-06-28 12:29:14.956627,Smart Watch,Electronics,2,263.89,527.78
TXN_10839,CUST_15,2026-06-30 11:29:14.956627,Tablet,Electronics,2,484.36,968.72
TXN_10840,CUST_26,2026-07-03 06:29:14.956627,Laptop,Electronics,2,1223.16,2446.32
TXN_10841,CUST_97,2026-07-03 00:29:14.956627,Laptop,Electronics,1,1257.95,1257.95
TXN_10842,CUST_52,2026-06-23 22:29:14.956627,Wireless Headphones,Accessories,3,159.2,477.6
TXN_10843,CUST_1,2026-06-09 18:29:14.956627,Smart Watch,Electronics,1,250.22,250.22
TXN_10844,CUST_76,2026-06-21 08:29:14.956627,Smart Watch,Electronics,3,233.51,700.53
TXN_10845,CUST_87,2026-06-24 12:29:14.956627,Smartphone,Electronics,3,847.8,2543.4
TXN_10846,CUST_127,2026-06-25 14:29:14.956627,Tablet,Electronics,2,432.39,864.78
TXN_10847,CUST_79,2026-06-12 02:29:14.956627,Laptop,Electronics,3,1140.29,3420.87
TXN_10848,CUST_75,2026-06-09 06:29:14.956627,Laptop,Electronics,2,1306.05,2612.1
TXN_10849,CUST_150,2026-06-13 10:29:14.956627,Laptop,Electronics,3,1191.18,3573.54
TXN_10850,CUST_116,2026-06-15 07:29:14.956627,Tablet,Electronics,2,442.37,884.74
TXN_10851,CUST_87,2026-06-15 09:29:14.956627,Laptop,Electronics,2,1252.01,2504.02
TXN_10852,CUST_118,2026-07-05 09:29:14.956627,Smartphone,Electronics,3,726.52,2179.56
TXN_10853,CUST_147,2026-06-20 17:29:14.956627,Tablet,Electronics,2,445.31,890.62
TXN_10854,CUST_76,2026-06-08 19:29:14.956627,Tablet,Electronics,3,426.14,1278.42
TXN_10855,CUST_130,2026-06-18 09:29:14.956627,Wireless Headphones,Accessories,1,135.87,135.87
TXN_10856,CUST_72,2026-07-02 06:29:14.956627,Tablet,Electronics,3,447.52,1342.56
TXN_10857,CUST_110,2026-06-19 03:29:14.956627,Smart Watch,Electronics,2,273.03,546.06
TXN_10858,CUST_106,2026-07-05 23:29:14.956627,Smartphone,Electronics,1,813.22,813.22
TXN_10859,CUST_32,2026-06-18 09:29:14.956627,Laptop,Electronics,3,1302.83,3908.49
TXN_10860,CUST_75,2026-06-15 04:29:14.956627,Smart Watch,Electronics,3,258.43,775.29
TXN_10861,CUST_9,2026-07-02 14:29:14.956627,Smart Watch,Electronics,1,240.59,240.59
TXN_10862,CUST_112,2026-07-06 21:29:14.956627,Smartphone,Electronics,3,852.86,2558.58
TXN_10863,CUST_46,2026-06-23 12:29:14.956627,Tablet,Electronics,3,411.0,1233.0
TXN_10864,CUST_34,2026-07-08 13:29:14.956627,Smart Watch,Electronics,1,274.72,274.72
TXN_10865,CUST_77,2026-06-25 20:29:14.956627,Wireless Headphones,Accessories,1,135.32,135.32
TXN_10866,CUST_142,2026-06-22 11:29:14.956627,Smartphone,Electronics,2,845.2,1690.4
TXN_10867,CUST_1,2026-07-02 11:29:14.956627,Tablet,Electronics,3,426.2,1278.6
TXN_10868,CUST_89,2026-07-08 17:29:14.956627,Smartphone,Electronics,1,866.23,866.23
TXN_10869,CUST_62,2026-07-03 13:29:14.956627,Laptop,Electronics,1,1257.0,1257.0
TXN_10870,CUST_125,2026-06-29 21:29:14.956627,Wireless Headphones,Accessories,1,142.87,142.87
TXN_10871,CUST_44,2026-07-08 15:29:14.956627,Smart Watch,Electronics,1,232.85,232.85
TXN_10872,CUST_62,2026-06-12 02:29:14.956627,Laptop,Electronics,2,1196.93,2393.86
TXN_10873,CUST_127,2026-06-26 12:29:14.956627,Laptop,Electronics,2,1315.96,2631.92
TXN_10874,CUST_20,2026-06-26 16:29:14.956627,Wireless Headphones,Accessories,3,146.59,439.77
TXN_10875,CUST_74,2026-06-13 11:29:14.956627,Smartphone,Electronics,1,744.18,744.18
TXN_10876,CUST_52,2026-06-20 15:29:14.956627,Laptop,Electronics,1,1188.84,1188.84
TXN_10877,CUST_60,2026-07-01 09:29:14.956627,Smart Watch,Electronics,2,243.99,487.98
TXN_10878,CUST_78,2026-06-30 18:29:14.956627,Smartphone,Electronics,1,875.28,875.28
TXN_10879,CUST_37,2026-07-05 14:29:14.956627,Wireless Headphones,Accessories,1,142.62,142.62
TXN_10880,CUST_85,2026-06-11 05:29:14.956627,Smart Watch,Electronics,3,256.06,768.18
TXN_10881,CUST_97,2026-07-08 08:29:14.956627,Smart Watch,Electronics,1,225.81,225.81
TXN_10882,CUST_41,2026-07-02 01:29:14.956627,Smartphone,Electronics,1,781.22,781.22
TXN_10883,CUST_61,2026-06-10 02:29:14.956627,Laptop,Electronics,3,1204.02,3612.06
TXN_10884,CUST_147,2026-06-27 07:29:14.956627,Wireless Headphones,Accessories,3,136.11,408.33
TXN_10885,CUST_41,2026-06-10 00:29:14.956627,Smart Watch,Electronics,2,269.7,539.4
TXN_10886,CUST_36,2026-06-26 14:29:14.956627,Wireless Headphones,Accessories,3,157.57,472.71
TXN_10887,CUST_129,2026-06-23 16:29:14.956627,Tablet,Electronics,2,464.7,929.4
TXN_10888,CUST_71,2026-06-24 10:29:14.956627,Tablet,Electronics,2,441.62,883.24
TXN_10889,CUST_34,2026-06-25 03:29:14.956627,Wireless Headphones,Accessories,3,154.92,464.76
TXN_10890,CUST_137,2026-07-01 12:29:14.956627,Laptop,Electronics,1,1137.52,1137.52
TXN_10891,CUST_33,2026-06-10 07:29:14.956627,Wireless Headphones,Accessories,3,157.89,473.67
TXN_10892,CUST_123,2026-07-01 14:29:14.956627,Smartphone,Electronics,2,822.86,1645.72
TXN_10893,CUST_85,2026-06-21 02:29:14.956627,Wireless Headphones,Accessories,3,161.13,483.39
TXN_10894,CUST_31,2026-06-18 11:29:14.956627,Tablet,Electronics,3,486.35,1459.05
TXN_10895,CUST_71,2026-06-10 19:29:14.956627,Laptop,Electronics,3,1197.29,3591.87
TXN_10896,CUST_32,2026-06-14 08:29:14.956627,Laptop,Electronics,3,1190.1,3570.3
TXN_10897,CUST_150,2026-06-22 08:29:14.956627,Wireless Headphones,Accessories,3,144.9,434.7
TXN_10898,CUST_122,2026-06-21 23:29:14.956627,Laptop,Electronics,2,1179.43,2358.86
TXN_10899,CUST_6,2026-06-24 15:29:14.956627,Smartphone,Electronics,3,752.88,2258.64
TXN_10900,CUST_61,2026-06-27 01:29:14.956627,Wireless Headphones,Accessories,1,157.44,157.44
TXN_10901,CUST_46,2026-06-30 01:29:14.956627,Smartphone,Electronics,2,802.86,1605.72
TXN_10902,CUST_5,2026-06-24 09:29:14.956627,Tablet,Electronics,2,443.15,886.3
TXN_10903,CUST_24,2026-06-25 21:29:14.956627,Smart Watch,Electronics,1,241.77,241.77
TXN_10904,CUST_100,2026-07-01 12:29:14.956627,Wireless Headphones,Accessories,2,164.94,329.88
TXN_10905,CUST_63,2026-06-26 23:29:14.956627,Smartphone,Electronics,3,827.3,2481.9
TXN_10906,CUST_38,2026-06-24 09:29:14.956627,Tablet,Electronics,2,491.64,983.28
TXN_10907,CUST_25,2026-06-23 21:29:14.956627,Tablet,Electronics,3,453.65,1360.95
TXN_10908,CUST_95,2026-07-05 11:29:14.956627,Wireless Headphones,Accessories,1,135.27,135.27
TXN_10909,CUST_131,2026-06-11 14:29:14.956627,Smartphone,Electronics,3,815.06,2445.18
TXN_10910,CUST_130,2026-06-25 11:29:14.956627,Laptop,Electronics,2,1093.77,2187.54
TXN_10911,CUST_90,2026-06-22 13:29:14.956627,Smart Watch,Electronics,3,255.59,766.77
TXN_10912,CUST_63,2026-06-20 20:29:14.956627,Smartphone,Electronics,3,808.66,2425.98
TXN_10913,CUST_59,2026-06-14 23:29:14.956627,Wireless Headphones,Accessories,1,153.06,153.06
TXN_10914,CUST_53,2026-06-10 02:29:14.956627,Laptop,Electronics,2,1085.86,2171.72
TXN_10915,CUST_30,2026-06-11 13:29:14.956627,Smart Watch,Electronics,3,226.44,679.32
TXN_10916,CUST_119,2026-06-08 19:29:14.956627,Wireless Headphones,Accessories,2,163.65,327.3
TXN_10917,CUST_91,2026-06-28 04:29:14.956627,Laptop,Electronics,3,1261.8,3785.4
TXN_10918,CUST_97,2026-06-24 20:29:14.956627,Smart Watch,Electronics,1,264.21,264.21
TXN_10919,CUST_36,2026-06-09 20:29:14.956627,Tablet,Electronics,1,443.67,443.67
TXN_10920,CUST_112,2026-07-04 04:29:14.956627,Tablet,Electronics,3,482.49,1447.47
TXN_10921,CUST_31,2026-06-25 20:29:14.956627,Laptop,Electronics,3,1136.52,3409.56
TXN_10922,CUST_64,2026-06-18 21:29:14.956627,Smartphone,Electronics,2,779.56,1559.12
TXN_10923,CUST_77,2026-06-20 17:29:14.956627,Laptop,Electronics,1,1280.79,1280.79
TXN_10924,CUST_2,2026-07-07 19:29:14.956627,Wireless Headphones,Accessories,2,153.84,307.68
TXN_10925,CUST_119,2026-07-04 06:29:14.956627,Smartphone,Electronics,3,735.87,2207.61
TXN_10926,CUST_2,2026-06-25 06:29:14.956627,Laptop,Electronics,3,1236.34,3709.02
TXN_10927,CUST_93,2026-06-19 20:29:14.956627,Tablet,Electronics,3,433.71,1301.13
TXN_10928,CUST_21,2026-06-13 12:29:14.956627,Wireless Headphones,Accessories,1,159.09,159.09
TXN_10929,CUST_78,2026-07-07 08:29:14.956627,Smart Watch,Electronics,1,229.41,229.41
TXN_10930,CUST_111,2026-06-29 06:29:14.956627,Smartphone,Electronics,1,768.55,768.55
TXN_10931,CUST_143,2026-06-19 18:29:14.956627,Tablet,Electronics,3,434.25,1302.75
TXN_10932,CUST_15,2026-07-06 17:29:14.956627,Wireless Headphones,Accessories,2,141.4,282.8
TXN_10933,CUST_112,2026-07-06 07:29:14.956627,Tablet,Electronics,1,454.17,454.17
TXN_10934,CUST_42,2026-06-19 08:29:14.956627,Smartphone,Electronics,1,808.34,808.34
TXN_10935,CUST_13,2026-06-14 14:29:14.956627,Smartphone,Electronics,2,792.98,1585.96
TXN_10936,CUST_37,2026-07-03 05:29:14.956627,Tablet,Electronics,3,442.63,1327.89
TXN_10937,CUST_110,2026-06-27 11:29:14.956627,Wireless Headphones,Accessories,3,138.61,415.83
TXN_10938,CUST_116,2026-07-06 14:29:14.956627,Tablet,Electronics,1,458.94,458.94
TXN_10939,CUST_68,2026-06-13 02:29:14.956627,Smartphone,Electronics,3,797.12,2391.36
TXN_10940,CUST_81,2026-06-29 10:29:14.956627,Tablet,Electronics,3,436.39,1309.17
TXN_10941,CUST_95,2026-06-23 13:29:14.956627,Laptop,Electronics,2,1107.47,2214.94
TXN_10942,CUST_36,2026-06-27 10:29:14.956627,Wireless Headphones,Accessories,3,153.43,460.29
TXN_10943,CUST_65,2026-06-14 02:29:14.956627,Smart Watch,Electronics,3,258.94,776.82
TXN_10944,CUST_14,2026-06-22 08:29:14.956627,Tablet,Electronics,3,431.22,1293.66
TXN_10945,CUST_91,2026-06-08 20:29:14.956627,Tablet,Electronics,1,447.24,447.24
TXN_10946,CUST_36,2026-06-16 13:29:14.956627,Wireless Headphones,Accessories,2,148.11,296.22
TXN_10947,CUST_29,2026-07-01 06:29:14.956627,Smart Watch,Electronics,2,271.05,542.1
TXN_10948,CUST_31,2026-06-22 15:29:14.956627,Tablet,Electronics,2,489.24,978.48
TXN_10949,CUST_25,2026-06-10 02:29:14.956627,Tablet,Electronics,3,425.51,1276.53
TXN_10950,CUST_5,2026-06-23 17:29:14.956627,Laptop,Electronics,2,1195.99,2391.98
TXN_10951,CUST_58,2026-07-07 14:29:14.956627,Wireless Headphones,Accessories,2,152.48,304.96
TXN_10952,CUST_83,2026-07-01 19:29:14.956627,Laptop,Electronics,3,1239.54,3718.62
TXN_10953,CUST_60,2026-07-05 11:29:14.956627,Tablet,Electronics,2,485.0,970.0
TXN_10954,CUST_89,2026-06-22 20:29:14.956627,Wireless Headphones,Accessories,3,144.55,433.65
TXN_10955,CUST_33,2026-06-24 11:29:14.956627,Smartphone,Electronics,2,798.53,1597.06
TXN_10956,CUST_109,2026-06-26 21:29:14.956627,Tablet,Electronics,3,449.3,1347.9
TXN_10957,CUST_123,2026-07-07 23:29:14.956627,Tablet,Electronics,1,492.43,492.43
TXN_10958,CUST_20,2026-06-11 00:29:14.956627,Smartphone,Electronics,1,797.97,797.97
TXN_10959,CUST_50,2026-06-23 19:29:14.956627,Smart Watch,Electronics,1,233.69,233.69
TXN_10960,CUST_44,2026-07-07 03:29:14.956627,Smart Watch,Electronics,1,243.33,243.33
TXN_10961,CUST_83,2026-06-10 22:29:14.956627,Smart Watch,Electronics,2,226.87,453.74
TXN_10962,CUST_7,2026-07-04 16:29:14.956627,Smartphone,Electronics,3,835.23,2505.69
TXN_10963,CUST_49,2026-06-22 06:29:14.956627,Smartphone,Electronics,3,871.7,2615.1
TXN_10964,CUST_29,2026-06-30 16:29:14.956627,Wireless Headphones,Accessories,2,135.48,270.96
TXN_10965,CUST_74,2026-06-12 10:29:14.956627,Smartphone,Electronics,3,810.24,2430.72
TXN_10966,CUST_137,2026-06-29 17:29:14.956627,Tablet,Electronics,3,441.2,1323.6
TXN_10967,CUST_117,2026-06-24 20:29:14.956627,Smartphone,Electronics,2,833.11,1666.22
TXN_10968,CUST_81,2026-06-12 11:29:14.956627,Tablet,Electronics,1,446.16,446.16
TXN_10969,CUST_15,2026-06-21 04:29:14.956627,Wireless Headphones,Accessories,1,160.56,160.56
TXN_10970,CUST_84,2026-06-23 23:29:14.956627,Smart Watch,Electronics,2,233.14,466.28
TXN_10971,CUST_59,2026-07-07 06:29:14.956627,Laptop,Electronics,3,1138.44,3415.32
TXN_10972,CUST_93,2026-06-21 12:29:14.956627,Laptop,Electronics,1,1258.09,1258.09
TXN_10973,CUST_41,2026-06-19 13:29:14.956627,Tablet,Electronics,2,462.04,924.08
TXN_10974,CUST_20,2026-06-10 12:29:14.956627,Tablet,Electronics,1,423.43,423.43
TXN_10975,CUST_92,2026-07-01 10:29:14.956627,Smart Watch,Electronics,3,239.75,719.25
TXN_10976,CUST_17,2026-06-17 21:29:14.956627,Smart Watch,Electronics,2,237.77,475.54
TXN_10977,CUST_13,2026-07-04 21:29:14.956627,Smart Watch,Electronics,2,248.44,496.88
TXN_10978,CUST_102,2026-06-17 12:29:14.956627,Smartphone,Electronics,2,859.3,1718.6
TXN_10979,CUST_65,2026-06-13 16:29:14.956627,Laptop,Electronics,1,1218.52,1218.52
TXN_10980,CUST_60,2026-06-25 19:29:14.956627,Laptop,Electronics,1,1127.51,1127.51
TXN_10981,CUST_142,2026-07-06 17:29:14.956627,Tablet,Electronics,2,466.93,933.86
TXN_10982,CUST_77,2026-06-19 09:29:14.956627,Smart Watch,Electronics,3,238.1,714.3
TXN_10983,CUST_54,2026-06-29 22:29:14.956627,Wireless Headphones,Accessories,2,139.39,278.78
TXN_10984,CUST_69,2026-06-13 09:29:14.956627,Smart Watch,Electronics,1,256.86,256.86
TXN_10985,CUST_114,2026-06-30 21:29:14.956627,Wireless Headphones,Accessories,2,147.07,294.14
TXN_10986,CUST_89,2026-06-13 13:29:14.956627,Laptop,Electronics,3,1319.01,3957.03
TXN_10987,CUST_85,2026-06-27 05:29:14.956627,Wireless Headphones,Accessories,1,159.72,159.72
TXN_10988,CUST_43,2026-07-01 07:29:14.956627,Laptop,Electronics,1,1302.83,1302.83
TXN_10989,CUST_11,2026-06-17 06:29:14.956627,Smartphone,Electronics,1,844.05,844.05
TXN_10990,CUST_34,2026-07-06 19:29:14.956627,Smartphone,Electronics,1,759.74,759.74
TXN_10991,CUST_36,2026-06-10 14:29:14.956627,Wireless Headphones,Accessories,3,152.92,458.76
TXN_10992,CUST_77,2026-06-21 03:29:14.956627,Smart Watch,Electronics,2,227.32,454.64
TXN_10993,CUST_135,2026-07-07 09:29:14.956627,Smartphone,Electronics,1,847.17,847.17
TXN_10994,CUST_100,2026-06-26 14:29:14.956627,Wireless Headphones,Accessories,1,154.3,154.3
TXN_10995,CUST_60,2026-06-12 06:29:14.956627,Laptop,Electronics,2,1148.85,2297.7
TXN_10996,CUST_114,2026-07-03 00:29:14.956627,Smart Watch,Electronics,2,249.54,499.08
TXN_10997,CUST_39,2026-07-01 21:29:14.956627,Wireless Headphones,Accessories,2,161.37,322.74
TXN_10998,CUST_95,2026-06-18 07:29:14.956627,Wireless Headphones,Accessories,2,140.64,281.28
TXN_10999,CUST_40,2026-06-16 11:29:14.956627,Wireless Headphones,Accessories,1,163.73,163.73
